2012/6/1 9:30,0
2012/6/1 9:31,
2012/6/1 9:32,
2012/6/1 9:33,3
2012/6/1 9:34,
2012/6/1 9:35,5
2012/6/1 9:36,
2012/6/1 9:37,7
2012/6/1 9:38,8
2012/6/1 9:39,9
2012/6/1 9:40,10
2012/6/1 9:41,
2012/6/1 9:42,
2012/6/1 9:43,
2012/6/1 9:44,14
2012/6/1 9:45,
2012/6/1 9:46,
2012/6/1 9:47,
2012/6/1 9:48,
2012/6/1 9:49,
2012/6/1 9:50,20
2012/6/1 9:51,
2012/6/1 9:52,22
2012/6/1 9:53,23
2012/6/1 9:54,
2012/6/1 9:55,25
2012/6/1 9:56,
2012/6/1 9:57,
2012/6/1 9:58,
2012/6/1 9:59,
2012/6/1 10:00,
2012/6/1 10:01,31
2012/6/1 10:02,
2012/6/1 10:03,
2012/6/1 10:04,34
2012/6/1 10:05,
2012/6/1 10:06,
2012/6/1 10:07,37
2012/6/1 10:08,38
2012/6/1 10:09,
2012/6/1 10:10,40
2012/6/1 10:11,
2012/6/1 10:12,
2012/6/1 10:13,
2012/6/1 10:14,
2012/6/1 10:15,
2012/6/1 10:16,
2012/6/1 10:17,
2012/6/1 10:18,
2012/6/1 10:19,49
2012/6/1 10:20,50
2012/6/1 10:21,
2012/6/1 10:22,
2012/6/1 10:23,
2012/6/1 10:24,
2012/6/1 10:25,55
2012/6/1 10:26,
2012/6/1 10:27,
2012/6/1 10:28,
2012/6/1 10:29,59
2012/6/1 10:30,60
2012/6/1 10:31,
2012/6/1 10:32,62
2012/6/1 10:33,
2012/6/1 10:34,
2012/6/1 10:35,65
2012/6/1 10:36,
2012/6/1 10:37,
2012/6/1 10:38,68
2012/6/1 10:39,69
2012/6/1 10:40,70
2012/6/1 10:41,
2012/6/1 10:42,72
2012/6/1 10:43,
2012/6/1 10:44,74
2012/6/1 10:45,
2012/6/1 10:46,
2012/6/1 10:47,77
2012/6/1 10:48,
2012/6/1 10:49,79
2012/6/1 10:50,
2012/6/1 10:51,
2012/6/1 10:52,82
2012/6/1 10:53,83
2012/6/1 10:54,
2012/6/1 10:55,
2012/6/1 10:56,
2012/6/1 10:57,87
2012/6/1 10:58,
2012/6/1 10:59,
2012/6/1 11:00,90
2012/6/1 11:01,
2012/6/1 11:02,92
2012/6/1 11:03,
2012/6/1 11:04,
2012/6/1 11:05,
2012/6/1 11:06,
2012/6/1 11:07,
2012/6/1 11:08,98
2012/6/1 11:09,
2012/6/1 11:10,
2012/6/1 11:11,101
2012/6/1 11:12,102
2012/6/1 11:13,
2012/6/1 11:14,104
2012/6/1 11:15,
2012/6/1 11:16,
2012/6/1 11:17,
2012/6/1 11:18,108
2012/6/1 11:19,109
2012/6/1 11:20,
2012/6/1 11:21,111
2012/6/1 11:22,
2012/6/1 11:23,
2012/6/1 11:24,114
2012/6/1 11:25,
2012/6/1 11:26,
2012/6/1 11:27,117
2012/6/1 11:28,
2012/6/1 11:29,
2012/6/1 11:30,120
2012/6/1 11:31,
2012/6/1 11:32,122
2012/6/1 11:33,
2012/6/1 11:34,
2012/6/1 11:35,125
2012/6/1 11:36,126
2012/6/1 11:37,
2012/6/1 11:38,128
2012/6/1 11:39,
2012/6/1 11:40,130
2012/6/1 11:41,131
2012/6/1 11:42,132
2012/6/1 11:43,133
2012/6/1 11:44,
2012/6/1 11:45,135
2012/6/1 11:46,136
2012/6/1 11:47,137
2012/6/1 11:48,
2012/6/1 11:49,139
2012/6/1 11:50,
2012/6/1 11:51,141
2012/6/1 11:52,
2012/6/1 11:53,143
2012/6/1 11:54,
2012/6/1 11:55,145
2012/6/1 11:56,146
2012/6/1 11:57,147
2012/6/1 11:58,148
2012/6/1 11:59,149
2012/6/1 12:00,150
2012/6/1 12:01,151
2012/6/1 12:02,
2012/6/1 12:03,153
2012/6/1 12:04,
2012/6/1 12:05,
2012/6/1 12:06,
2012/6/1 12:07,
2012/6/1 12:08,
2012/6/1 12:09,159
2012/6/1 12:10,
2012/6/1 12:11,
2012/6/1 12:12,
2012/6/1 12:13,163
2012/6/1 12:14,164
2012/6/1 12:15,
2012/6/1 12:16,166
2012/6/1 12:17,
2012/6/1 12:18,
2012/6/1 12:19,169
2012/6/1 12:20,
2012/6/1 12:21,
2012/6/1 12:22,
2012/6/1 12:23,
2012/6/1 12:24,
2012/6/1 12:25,175
2012/6/1 12:26,176
2012/6/1 12:27,177
2012/6/1 12:28,
2012/6/1 12:29,179
2012/6/1 12:30,
2012/6/1 12:31,181
2012/6/1 12:32,
2012/6/1 12:33,
2012/6/1 12:34,
2012/6/1 12:35,185
2012/6/1 12:36,186
2012/6/1 12:37,
2012/6/1 12:38,
2012/6/1 12:39,189
2012/6/1 12:40,190
2012/6/1 12:41,
2012/6/1 12:42,
2012/6/1 12:43,193
2012/6/1 12:44,194
2012/6/1 12:45,
2012/6/1 12:46,196
2012/6/1 12:47,
2012/6/1 12:48,
2012/6/1 12:49,
2012/6/1 12:50,200
2012/6/1 12:51,201
2012/6/1 12:52,202
2012/6/1 12:53,
2012/6/1 12:54,
2012/6/1 12:55,205
2012/6/1 12:56,
2012/6/1 12:57,
2012/6/1 12:58,
2012/6/1 12:59,
2012/6/1 13:00,
2012/6/1 13:01,
2012/6/1 13:02,
2012/6/1 13:03,
2012/6/1 13:04,214
2012/6/1 13:05,
2012/6/1 13:06,216
2012/6/1 13:07,217
2012/6/1 13:08,
2012/6/1 13:09,219
2012/6/1 13:10,220
2012/6/1 13:11,
2012/6/1 13:12,222
2012/6/1 13:13,
2012/6/1 13:14,
2012/6/1 13:15,225
2012/6/1 13:16,
2012/6/1 13:17,227
2012/6/1 13:18,
2012/6/1 13:19,229
2012/6/1 13:20,
2012/6/1 13:21,231
2012/6/1 13:22,
2012/6/1 13:23,
2012/6/1 13:24,
2012/6/1 13:25,235
2012/6/1 13:26,
2012/6/1 13:27,237
2012/6/1 13:28,
2012/6/1 13:29,239
2012/6/1 13:30,
2012/6/1 13:31,
2012/6/1 13:32,
2012/6/1 13:33,243
2012/6/1 13:34,244
2012/6/1 13:35,
2012/6/1 13:36,
2012/6/1 13:37,
2012/6/1 13:38,
2012/6/1 13:39,249
2012/6/1 13:40,250
2012/6/1 13:41,
2012/6/1 13:42,
2012/6/1 13:43,253
2012/6/1 13:44,
2012/6/1 13:45,
2012/6/1 13:46,256
2012/6/1 13:47,
2012/6/1 13:48,
2012/6/1 13:49,259
2012/6/1 13:50,260
2012/6/1 13:51,
2012/6/1 13:52,
2012/6/1 13:53,263
2012/6/1 13:54,
2012/6/1 13:55,
2012/6/1 13:56,
2012/6/1 13:57,267
2012/6/1 13:58,
2012/6/1 13:59,
2012/6/1 14:00,
2012/6/1 14:01,
2012/6/1 14:02,272
2012/6/1 14:03,
2012/6/1 14:04,274
2012/6/1 14:05,275
2012/6/1 14:06,
2012/6/1 14:07,
2012/6/1 14:08,
2012/6/1 14:09,
2012/6/1 14:10,280
2012/6/1 14:11,281
2012/6/1 14:12,282
2012/6/1 14:13,
2012/6/1 14:14,284
2012/6/1 14:15,
2012/6/1 14:16,286
2012/6/1 14:17,287
2012/6/1 14:18,288
2012/6/1 14:19,289
2012/6/1 14:20,
2012/6/1 14:21,291
2012/6/1 14:22,292
2012/6/1 14:23,
2012/6/1 14:24,294
2012/6/1 14:25,295
2012/6/1 14:26,296
2012/6/1 14:27,
2012/6/1 14:28,
2012/6/1 14:29,299
2012/6/1 14:30,300
2012/6/1 14:31,
2012/6/1 14:32,302
2012/6/1 14:33,303
2012/6/1 14:34,304
2012/6/1 14:35,
2012/6/1 14:36,306
2012/6/1 14:37,307
2012/6/1 14:38,308
2012/6/1 14:39,309
2012/6/1 14:40,310
2012/6/1 14:41,
2012/6/1 14:42,
2012/6/1 14:43,313
2012/6/1 14:44,
2012/6/1 14:45,
2012/6/1 14:46,
2012/6/1 14:47,317
2012/6/1 14:48,
2012/6/1 14:49,319
2012/6/1 14:50,
2012/6/1 14:51,321
2012/6/1 14:52,322
2012/6/1 14:53,
2012/6/1 14:54,324
2012/6/1 14:55,
2012/6/1 14:56,
2012/6/1 14:57,
2012/6/1 14:58,
2012/6/1 14:59,329
2012/6/1 15:00,330
2012/6/1 15:01,331
2012/6/1 15:02,
2012/6/1 15:03,
2012/6/1 15:04,334
2012/6/1 15:05,
2012/6/1 15:06,
2012/6/1 15:07,
2012/6/1 15:08,
2012/6/1 15:09,339
2012/6/1 15:10,340
2012/6/1 15:11,
2012/6/1 15:12,342
2012/6/1 15:13,
2012/6/1 15:14,344
2012/6/1 15:15,
2012/6/1 15:16,
2012/6/1 15:17,347
2012/6/1 15:18,
2012/6/1 15:19,349
2012/6/1 15:20,350
2012/6/1 15:21,
2012/6/1 15:22,
2012/6/1 15:23,353
2012/6/1 15:24,354
2012/6/1 15:25,
2012/6/1 15:26,356
2012/6/1 15:27,
2012/6/1 15:28,
2012/6/1 15:29,359
2012/6/1 15:30,
2012/6/1 15:31,361
2012/6/1 15:32,
2012/6/1 15:33,
2012/6/1 15:34,364
2012/6/1 15:35,
2012/6/1 15:36,
2012/6/1 15:37,
2012/6/1 15:38,
2012/6/1 15:39,
2012/6/1 15:40,370
2012/6/1 15:41,
2012/6/1 15:42,372
2012/6/1 15:43,373
2012/6/1 15:44,374
2012/6/1 15:45,
2012/6/1 15:46,
2012/6/1 15:47,377
2012/6/1 15:48,378
2012/6/1 15:49,
2012/6/1 15:50,380
2012/6/1 15:51,
2012/6/1 15:52,
2012/6/1 15:53,383
2012/6/1 15:54,384
2012/6/1 15:55,
2012/6/1 15:56,386
2012/6/1 15:57,387
2012/6/1 15:58,388
2012/6/1 15:59,
2012/6/4 9:30,390
2012/6/4 9:31,
2012/6/4 9:32,392
2012/6/4 9:33,393
2012/6/4 9:34,
2012/6/4 9:35,
2012/6/4 9:36,396
2012/6/4 9:37,
2012/6/4 9:38,398
2012/6/4 9:39,399
2012/6/4 9:40,
2012/6/4 9:41,401
2012/6/4 9:42,
2012/6/4 9:43,403
2012/6/4 9:44,
2012/6/4 9:45,
2012/6/4 9:46,
2012/6/4 9:47,
2012/6/4 9:48,408
2012/6/4 9:49,
2012/6/4 9:50,410
2012/6/4 9:51,411
2012/6/4 9:52,
2012/6/4 9:53,413
2012/6/4 9:54,414
2012/6/4 9:55,415
2012/6/4 9:56,
2012/6/4 9:57,417
2012/6/4 9:58,418
2012/6/4 9:59,
2012/6/4 10:00,420
2012/6/4 10:01,
2012/6/4 10:02,
2012/6/4 10:03,423
2012/6/4 10:04,
2012/6/4 10:05,
2012/6/4 10:06,426
2012/6/4 10:07,
2012/6/4 10:08,428
2012/6/4 10:09,
2012/6/4 10:10,
2012/6/4 10:11,
2012/6/4 10:12,432
2012/6/4 10:13,
2012/6/4 10:14,434
2012/6/4 10:15,
2012/6/4 10:16,
2012/6/4 10:17,437
2012/6/4 10:18,438
2012/6/4 10:19,439
2012/6/4 10:20,440
2012/6/4 10:21,
2012/6/4 10:22,442
2012/6/4 10:23,
2012/6/4 10:24,
2012/6/4 10:25,
2012/6/4 10:26,
2012/6/4 10:27,447
2012/6/4 10:28,
2012/6/4 10:29,449
2012/6/4 10:30,
2012/6/4 10:31,
2012/6/4 10:32,
2012/6/4 10:33,
2012/6/4 10:34,
2012/6/4 10:35,455
2012/6/4 10:36,
2012/6/4 10:37,
2012/6/4 10:38,
2012/6/4 10:39,
2012/6/4 10:40,460
2012/6/4 10:41,
2012/6/4 10:42,462
2012/6/4 10:43,
2012/6/4 10:44,
2012/6/4 10:45,
2012/6/4 10:46,
2012/6/4 10:47,
2012/6/4 10:48,468
2012/6/4 10:49,
2012/6/4 10:50,
2012/6/4 10:51,
2012/6/4 10:52,472
2012/6/4 10:53,
2012/6/4 10:54,474
2012/6/4 10:55,
2012/6/4 10:56,
2012/6/4 10:57,
2012/6/4 10:58,
2012/6/4 10:59,479
2012/6/4 11:00,480
2012/6/4 11:01,
2012/6/4 11:02,
2012/6/4 11:03,483
2012/6/4 11:04,
2012/6/4 11:05,
2012/6/4 11:06,486
2012/6/4 11:07,
2012/6/4 11:08,488
2012/6/4 11:09,
2012/6/4 11:10,490
2012/6/4 11:11,
2012/6/4 11:12,
2012/6/4 11:13,
2012/6/4 11:14,494
2012/6/4 11:15,
2012/6/4 11:16,496
2012/6/4 11:17,
2012/6/4 11:18,498
2012/6/4 11:19,499
2012/6/4 11:20,
2012/6/4 11:21,
2012/6/4 11:22,502
2012/6/4 11:23,
2012/6/4 11:24,
2012/6/4 11:25,505
2012/6/4 11:26,506
2012/6/4 11:27,
2012/6/4 11:28,
2012/6/4 11:29,
2012/6/4 11:30,
2012/6/4 11:31,
2012/6/4 11:32,512
2012/6/4 11:33,513
2012/6/4 11:34,
2012/6/4 11:35,
2012/6/4 11:36,516
2012/6/4 11:37,
2012/6/4 11:38,
2012/6/4 11:39,519
2012/6/4 11:40,
2012/6/4 11:41,521
2012/6/4 11:42,522
2012/6/4 11:43,523
2012/6/4 11:44,524
2012/6/4 11:45,
2012/6/4 11:46,526
2012/6/4 11:47,527
2012/6/4 11:48,528
2012/6/4 11:49,
2012/6/4 11:50,
2012/6/4 11:51,
2012/6/4 11:52,532
2012/6/4 11:53,
2012/6/4 11:54,534
2012/6/4 11:55,
2012/6/4 11:56,536
2012/6/4 11:57,
2012/6/4 11:58,538
2012/6/4 11:59,
2012/6/4 12:00,540
2012/6/4 12:01,
2012/6/4 12:02,
2012/6/4 12:03,543
2012/6/4 12:04,
2012/6/4 12:05,545
2012/6/4 12:06,
2012/6/4 12:07,
2012/6/4 12:08,
2012/6/4 12:09,549
2012/6/4 12:10,
2012/6/4 12:11,551
2012/6/4 12:12,
2012/6/4 12:13,
2012/6/4 12:14,
2012/6/4 12:15,
2012/6/4 12:16,
2012/6/4 12:17,557
2012/6/4 12:18,558
2012/6/4 12:19,559
2012/6/4 12:20,560
2012/6/4 12:21,561
2012/6/4 12:22,
2012/6/4 12:23,
2012/6/4 12:24,
2012/6/4 12:25,
2012/6/4 12:26,
2012/6/4 12:27,
2012/6/4 12:28,
2012/6/4 12:29,
2012/6/4 12:30,
2012/6/4 12:31,571
2012/6/4 12:32,
2012/6/4 12:33,573
2012/6/4 12:34,
2012/6/4 12:35,575
2012/6/4 12:36,576
2012/6/4 12:37,
2012/6/4 12:38,
2012/6/4 12:39,
2012/6/4 12:40,580
2012/6/4 12:41,581
2012/6/4 12:42,
2012/6/4 12:43,
2012/6/4 12:44,584
2012/6/4 12:45,585
2012/6/4 12:46,
2012/6/4 12:47,
2012/6/4 12:48,
2012/6/4 12:49,589
2012/6/4 12:50,590
2012/6/4 12:51,
2012/6/4 12:52,592
2012/6/4 12:53,593
2012/6/4 12:54,594
2012/6/4 12:55,595
2012/6/4 12:56,
2012/6/4 12:57,597
2012/6/4 12:58,598
2012/6/4 12:59,
2012/6/4 13:00,600
2012/6/4 13:01,
2012/6/4 13:02,602
2012/6/4 13:03,603
2012/6/4 13:04,
2012/6/4 13:05,605
2012/6/4 13:06,606
2012/6/4 13:07,
2012/6/4 13:08,
2012/6/4 13:09,
2012/6/4 13:10,610
2012/6/4 13:11,
2012/6/4 13:12,612
2012/6/4 13:13,
2012/6/4 13:14,614
2012/6/4 13:15,
2012/6/4 13:16,
2012/6/4 13:17,
2012/6/4 13:18,618
2012/6/4 13:19,
2012/6/4 13:20,620
2012/6/4 13:21,
2012/6/4 13:22,
2012/6/4 13:23,623
2012/6/4 13:24,624
2012/6/4 13:25,625
2012/6/4 13:26,626
2012/6/4 13:27,
2012/6/4 13:28,628
2012/6/4 13:29,
2012/6/4 13:30,
2012/6/4 13:31,
2012/6/4 13:32,632
2012/6/4 13:33,633
2012/6/4 13:34,634
2012/6/4 13:35,635
2012/6/4 13:36,636
2012/6/4 13:37,
2012/6/4 13:38,
2012/6/4 13:39,639
2012/6/4 13:40,
2012/6/4 13:41,641
2012/6/4 13:42,642
2012/6/4 13:43,643
2012/6/4 13:44,644
2012/6/4 13:45,
2012/6/4 13:46,646
2012/6/4 13:47,647
2012/6/4 13:48,
2012/6/4 13:49,649
2012/6/4 13:50,650
2012/6/4 13:51,
2012/6/4 13:52,
2012/6/4 13:53,653
2012/6/4 13:54,654
2012/6/4 13:55,
2012/6/4 13:56,
2012/6/4 13:57,
2012/6/4 13:58,
2012/6/4 13:59,
2012/6/4 14:00,660
2012/6/4 14:01,
2012/6/4 14:02,
2012/6/4 14:03,
2012/6/4 14:04,
2012/6/4 14:05,
2012/6/4 14:06,666
2012/6/4 14:07,
2012/6/4 14:08,668
2012/6/4 14:09,
2012/6/4 14:10,670
2012/6/4 14:11,671
2012/6/4 14:12,672
2012/6/4 14:13,673
2012/6/4 14:14,
2012/6/4 14:15,675
2012/6/4 14:16,
2012/6/4 14:17,677
2012/6/4 14:18,678
2012/6/4 14:19,
2012/6/4 14:20,680
2012/6/4 14:21,
2012/6/4 14:22,
2012/6/4 14:23,
2012/6/4 14:24,
2012/6/4 14:25,
2012/6/4 14:26,
2012/6/4 14:27,
2012/6/4 14:28,
2012/6/4 14:29,689
2012/6/4 14:30,690
2012/6/4 14:31,691
2012/6/4 14:32,
2012/6/4 14:33,
2012/6/4 14:34,694
2012/6/4 14:35,
2012/6/4 14:36,
2012/6/4 14:37,697
2012/6/4 14:38,
2012/6/4 14:39,
2012/6/4 14:40,700
2012/6/4 14:41,701
2012/6/4 14:42,702
2012/6/4 14:43,703
2012/6/4 14:44,
2012/6/4 14:45,
2012/6/4 14:46,
2012/6/4 14:47,
2012/6/4 14:48,
2012/6/4 14:49,
2012/6/4 14:50,710
2012/6/4 14:51,
2012/6/4 14:52,712
2012/6/4 14:53,713
2012/6/4 14:54,714
2012/6/4 14:55,
2012/6/4 14:56,
2012/6/4 14:57,717
2012/6/4 14:58,
2012/6/4 14:59,719
2012/6/4 15:00,720
2012/6/4 15:01,721
2012/6/4 15:02,722
2012/6/4 15:03,
2012/6/4 15:04,
2012/6/4 15:05,
2012/6/4 15:06,726
2012/6/4 15:07,727
2012/6/4 15:08,728
2012/6/4 15:09,729
2012/6/4 15:10,730
2012/6/4 15:11,
2012/6/4 15:12,
2012/6/4 15:13,733
2012/6/4 15:14,
2012/6/4 15:15,
2012/6/4 15:16,
2012/6/4 15:17,
2012/6/4 15:18,
2012/6/4 15:19,
2012/6/4 15:20,
2012/6/4 15:21,741
2012/6/4 15:22,742
2012/6/4 15:23,743
2012/6/4 15:24,
2012/6/4 15:25,
2012/6/4 15:26,
2012/6/4 15:27,
2012/6/4 15:28,
2012/6/4 15:29,749
2012/6/4 15:30,750
2012/6/4 15:31,751
2012/6/4 15:32,
2012/6/4 15:33,
2012/6/4 15:34,
2012/6/4 15:35,
2012/6/4 15:36,756
2012/6/4 15:37,757
2012/6/4 15:38,758
2012/6/4 15:39,
2012/6/4 15:40,
2012/6/4 15:41,
2012/6/4 15:42,
2012/6/4 15:43,
2012/6/4 15:44,764
2012/6/4 15:45,765
2012/6/4 15:46,766
2012/6/4 15:47,
2012/6/4 15:48,
2012/6/4 15:49,
2012/6/4 15:50,770
2012/6/4 15:51,771
2012/6/4 15:52,
2012/6/4 15:53,
2012/6/4 15:54,
2012/6/4 15:55,775
2012/6/4 15:56,776
2012/6/4 15:57,777
2012/6/4 15:58,
2012/6/4 15:59,
2012/6/5 9:30,780
2012/6/5 9:31,
2012/6/5 9:32,
2012/6/5 9:33,783
2012/6/5 9:34,784
2012/6/5 9:35,
2012/6/5 9:36,
2012/6/5 9:37,
2012/6/5 9:38,788
2012/6/5 9:39,
2012/6/5 9:40,
2012/6/5 9:41,791
2012/6/5 9:42,
2012/6/5 9:43,793
2012/6/5 9:44,794
2012/6/5 9:45,795
2012/6/5 9:46,
2012/6/5 9:47,797
2012/6/5 9:48,
2012/6/5 9:49,
2012/6/5 9:50,
2012/6/5 9:51,801
2012/6/5 9:52,802
2012/6/5 9:53,
2012/6/5 9:54,804
2012/6/5 9:55,805
2012/6/5 9:56,806
2012/6/5 9:57,
2012/6/5 9:58,808
2012/6/5 9:59,
2012/6/5 10:00,810
2012/6/5 10:01,811
2012/6/5 10:02,812
2012/6/5 10:03,813
2012/6/5 10:04,814
2012/6/5 10:05,
2012/6/5 10:06,
2012/6/5 10:07,
2012/6/5 10:08,818
2012/6/5 10:09,
2012/6/5 10:10,
2012/6/5 10:11,
2012/6/5 10:12,
2012/6/5 10:13,823
2012/6/5 10:14,824
2012/6/5 10:15,
2012/6/5 10:16,826
2012/6/5 10:17,827
2012/6/5 10:18,828
2012/6/5 10:19,
2012/6/5 10:20,830
2012/6/5 10:21,
2012/6/5 10:22,832
2012/6/5 10:23,833
2012/6/5 10:24,
2012/6/5 10:25,
2012/6/5 10:26,836
2012/6/5 10:27,
2012/6/5 10:28,838
2012/6/5 10:29,
2012/6/5 10:30,
2012/6/5 10:31,841
2012/6/5 10:32,
2012/6/5 10:33,843
2012/6/5 10:34,
2012/6/5 10:35,
2012/6/5 10:36,
2012/6/5 10:37,
2012/6/5 10:38,848
2012/6/5 10:39,
2012/6/5 10:40,
2012/6/5 10:41,851
2012/6/5 10:42,
2012/6/5 10:43,853
2012/6/5 10:44,
2012/6/5 10:45,
2012/6/5 10:46,856
2012/6/5 10:47,857
2012/6/5 10:48,858
2012/6/5 10:49,
2012/6/5 10:50,
2012/6/5 10:51,
2012/6/5 10:52,862
2012/6/5 10:53,863
2012/6/5 10:54,
2012/6/5 10:55,
2012/6/5 10:56,866
2012/6/5 10:57,867
2012/6/5 10:58,868
2012/6/5 10:59,869
2012/6/5 11:00,870
2012/6/5 11:01,871
2012/6/5 11:02,
2012/6/5 11:03,
2012/6/5 11:04,874
2012/6/5 11:05,
2012/6/5 11:06,876
2012/6/5 11:07,
2012/6/5 11:08,878
2012/6/5 11:09,
2012/6/5 11:10,
2012/6/5 11:11,
2012/6/5 11:12,
2012/6/5 11:13,
2012/6/5 11:14,
2012/6/5 11:15,
2012/6/5 11:16,
2012/6/5 11:17,
2012/6/5 11:18,888
2012/6/5 11:19,
2012/6/5 11:20,890
2012/6/5 11:21,891
2012/6/5 11:22,
2012/6/5 11:23,
2012/6/5 11:24,
2012/6/5 11:25,895
2012/6/5 11:26,
2012/6/5 11:27,
2012/6/5 11:28,898
2012/6/5 11:29,
2012/6/5 11:30,
2012/6/5 11:31,
2012/6/5 11:32,902
2012/6/5 11:33,903
2012/6/5 11:34,904
2012/6/5 11:35,
2012/6/5 11:36,
2012/6/5 11:37,
2012/6/5 11:38,908
2012/6/5 11:39,
2012/6/5 11:40,
2012/6/5 11:41,
2012/6/5 11:42,
2012/6/5 11:43,
2012/6/5 11:44,914
2012/6/5 11:45,915
2012/6/5 11:46,916
2012/6/5 11:47,917
2012/6/5 11:48,
2012/6/5 11:49,
2012/6/5 11:50,
2012/6/5 11:51,
2012/6/5 11:52,
2012/6/5 11:53,923
2012/6/5 11:54,
2012/6/5 11:55,
2012/6/5 11:56,926
2012/6/5 11:57,
2012/6/5 11:58,
2012/6/5 11:59,929
2012/6/5 12:00,
2012/6/5 12:01,931
2012/6/5 12:02,932
2012/6/5 12:03,933
2012/6/5 12:04,
2012/6/5 12:05,
2012/6/5 12:06,936
2012/6/5 12:07,
2012/6/5 12:08,
2012/6/5 12:09,
2012/6/5 12:10,940
2012/6/5 12:11,941
2012/6/5 12:12,942
2012/6/5 12:13,943
2012/6/5 12:14,
2012/6/5 12:15,
2012/6/5 12:16,
2012/6/5 12:17,
2012/6/5 12:18,948
2012/6/5 12:19,
2012/6/5 12:20,
2012/6/5 12:21,
2012/6/5 12:22,
2012/6/5 12:23,953
2012/6/5 12:24,
2012/6/5 12:25,
2012/6/5 12:26,
2012/6/5 12:27,957
2012/6/5 12:28,958
2012/6/5 12:29,959
2012/6/5 12:30,960
2012/6/5 12:31,
2012/6/5 12:32,
2012/6/5 12:33,963
2012/6/5 12:34,964
2012/6/5 12:35,
2012/6/5 12:36,
2012/6/5 12:37,
2012/6/5 12:38,
2012/6/5 12:39,969
2012/6/5 12:40,
2012/6/5 12:41,971
2012/6/5 12:42,
2012/6/5 12:43,973
2012/6/5 12:44,974
2012/6/5 12:45,975
2012/6/5 12:46,
2012/6/5 12:47,
2012/6/5 12:48,
2012/6/5 12:49,979
2012/6/5 12:50,980
2012/6/5 12:51,
2012/6/5 12:52,982
2012/6/5 12:53,
2012/6/5 12:54,
2012/6/5 12:55,
2012/6/5 12:56,986
2012/6/5 12:57,
2012/6/5 12:58,988
2012/6/5 12:59,
2012/6/5 13:00,990
2012/6/5 13:01,
2012/6/5 13:02,992
2012/6/5 13:03,993
2012/6/5 13:04,994
2012/6/5 13:05,995
2012/6/5 13:06,
2012/6/5 13:07,997
2012/6/5 13:08,998
2012/6/5 13:09,
2012/6/5 13:10,
2012/6/5 13:11,
2012/6/5 13:12,
2012/6/5 13:13,
2012/6/5 13:14,1004
2012/6/5 13:15,
2012/6/5 13:16,1006
2012/6/5 13:17,1007
2012/6/5 13:18,
2012/6/5 13:19,1009
2012/6/5 13:20,
2012/6/5 13:21,1011
2012/6/5 13:22,
2012/6/5 13:23,1013
2012/6/5 13:24,1014
2012/6/5 13:25,1015
2012/6/5 13:26,
2012/6/5 13:27,1017
2012/6/5 13:28,
2012/6/5 13:29,1019
2012/6/5 13:30,
2012/6/5 13:31,1021
2012/6/5 13:32,1022
2012/6/5 13:33,
2012/6/5 13:34,1024
2012/6/5 13:35,1025
2012/6/5 13:36,
2012/6/5 13:37,
2012/6/5 13:38,1028
2012/6/5 13:39,1029
2012/6/5 13:40,
2012/6/5 13:41,
2012/6/5 13:42,1032
2012/6/5 13:43,1033
2012/6/5 13:44,1034
2012/6/5 13:45,
2012/6/5 13:46,
2012/6/5 13:47,
2012/6/5 13:48,1038
2012/6/5 13:49,1039
2012/6/5 13:50,1040
2012/6/5 13:51,1041
2012/6/5 13:52,1042
2012/6/5 13:53,1043
2012/6/5 13:54,
2012/6/5 13:55,1045
2012/6/5 13:56,1046
2012/6/5 13:57,
2012/6/5 13:58,
2012/6/5 13:59,1049
2012/6/5 14:00,
2012/6/5 14:01,
2012/6/5 14:02,
2012/6/5 14:03,
2012/6/5 14:04,1054
2012/6/5 14:05,1055
2012/6/5 14:06,1056
2012/6/5 14:07,
2012/6/5 14:08,
2012/6/5 14:09,
2012/6/5 14:10,1060
2012/6/5 14:11,1061
2012/6/5 14:12,1062
2012/6/5 14:13,
2012/6/5 14:14,1064
2012/6/5 14:15,1065
2012/6/5 14:16,1066
2012/6/5 14:17,1067
2012/6/5 14:18,
2012/6/5 14:19,
2012/6/5 14:20,
2012/6/5 14:21,
2012/6/5 14:22,
2012/6/5 14:23,
2012/6/5 14:24,
2012/6/5 14:25,
2012/6/5 14:26,1076
2012/6/5 14:27,1077
2012/6/5 14:28,1078
2012/6/5 14:29,1079
2012/6/5 14:30,
2012/6/5 14:31,1081
2012/6/5 14:32,1082
2012/6/5 14:33,
2012/6/5 14:34,
2012/6/5 14:35,1085
2012/6/5 14:36,
2012/6/5 14:37,
2012/6/5 14:38,
2012/6/5 14:39,1089
2012/6/5 14:40,1090
2012/6/5 14:41,1091
2012/6/5 14:42,1092
2012/6/5 14:43,1093
2012/6/5 14:44,
2012/6/5 14:45,
2012/6/5 14:46,
2012/6/5 14:47,1097
2012/6/5 14:48,1098
2012/6/5 14:49,
2012/6/5 14:50,
2012/6/5 14:51,1101
2012/6/5 14:52,
2012/6/5 14:53,
2012/6/5 14:54,1104
2012/6/5 14:55,1105
2012/6/5 14:56,1106
2012/6/5 14:57,1107
2012/6/5 14:58,1108
2012/6/5 14:59,
2012/6/5 15:00,
2012/6/5 15:01,1111
2012/6/5 15:02,
2012/6/5 15:03,
2012/6/5 15:04,
2012/6/5 15:05,1115
2012/6/5 15:06,1116
2012/6/5 15:07,1117
2012/6/5 15:08,1118
2012/6/5 15:09,
2012/6/5 15:10,
2012/6/5 15:11,
2012/6/5 15:12,
2012/6/5 15:13,
2012/6/5 15:14,1124
2012/6/5 15:15,1125
2012/6/5 15:16,1126
2012/6/5 15:17,
2012/6/5 15:18,1128
2012/6/5 15:19,
2012/6/5 15:20,
2012/6/5 15:21,
2012/6/5 15:22,
2012/6/5 15:23,1133
2012/6/5 15:24,1134
2012/6/5 15:25,
2012/6/5 15:26,
2012/6/5 15:27,
2012/6/5 15:28,
2012/6/5 15:29,
2012/6/5 15:30,1140
2012/6/5 15:31,
2012/6/5 15:32,
2012/6/5 15:33,
2012/6/5 15:34,
2012/6/5 15:35,
2012/6/5 15:36,
2012/6/5 15:37,
2012/6/5 15:38,1148
2012/6/5 15:39,1149
2012/6/5 15:40,
2012/6/5 15:41,
2012/6/5 15:42,1152
2012/6/5 15:43,
2012/6/5 15:44,1154
2012/6/5 15:45,1155
2012/6/5 15:46,
2012/6/5 15:47,
2012/6/5 15:48,
2012/6/5 15:49,1159
2012/6/5 15:50,1160
2012/6/5 15:51,
2012/6/5 15:52,1162
2012/6/5 15:53,
2012/6/5 15:54,1164
2012/6/5 15:55,1165
2012/6/5 15:56,1166
2012/6/5 15:57,1167
2012/6/5 15:58,1168
2012/6/5 15:59,
2012/6/6 9:30,1170
2012/6/6 9:31,1171
2012/6/6 9:32,
2012/6/6 9:33,
2012/6/6 9:34,
2012/6/6 9:35,1175
2012/6/6 9:36,1176
2012/6/6 9:37,
2012/6/6 9:38,
2012/6/6 9:39,
2012/6/6 9:40,1180
2012/6/6 9:41,
2012/6/6 9:42,1182
2012/6/6 9:43,1183
2012/6/6 9:44,
2012/6/6 9:45,
2012/6/6 9:46,
2012/6/6 9:47,1187
2012/6/6 9:48,
2012/6/6 9:49,1189
2012/6/6 9:50,
2012/6/6 9:51,
2012/6/6 9:52,1192
2012/6/6 9:53,
2012/6/6 9:54,
2012/6/6 9:55,1195
2012/6/6 9:56,1196
2012/6/6 9:57,1197
2012/6/6 9:58,
2012/6/6 9:59,
2012/6/6 10:00,
2012/6/6 10:01,
2012/6/6 10:02,1202
2012/6/6 10:03,1203
2012/6/6 10:04,1204
2012/6/6 10:05,
2012/6/6 10:06,1206
2012/6/6 10:07,
2012/6/6 10:08,1208
2012/6/6 10:09,
2012/6/6 10:10,
2012/6/6 10:11,1211
2012/6/6 10:12,
2012/6/6 10:13,1213
2012/6/6 10:14,
2012/6/6 10:15,1215
2012/6/6 10:16,
2012/6/6 10:17,
2012/6/6 10:18,
2012/6/6 10:19,
2012/6/6 10:20,1220
2012/6/6 10:21,
2012/6/6 10:22,1222
2012/6/6 10:23,1223
2012/6/6 10:24,
2012/6/6 10:25,
2012/6/6 10:26,1226
2012/6/6 10:27,
2012/6/6 10:28,
2012/6/6 10:29,1229
2012/6/6 10:30,1230
2012/6/6 10:31,
2012/6/6 10:32,
2012/6/6 10:33,1233
2012/6/6 10:34,
2012/6/6 10:35,1235
2012/6/6 10:36,
2012/6/6 10:37,
2012/6/6 10:38,1238
2012/6/6 10:39,1239
2012/6/6 10:40,
2012/6/6 10:41,1241
2012/6/6 10:42,
2012/6/6 10:43,1243
2012/6/6 10:44,1244
2012/6/6 10:45,1245
2012/6/6 10:46,1246
2012/6/6 10:47,
2012/6/6 10:48,1248
2012/6/6 10:49,
2012/6/6 10:50,1250
2012/6/6 10:51,
2012/6/6 10:52,
2012/6/6 10:53,
2012/6/6 10:54,1254
2012/6/6 10:55,
2012/6/6 10:56,
2012/6/6 10:57,
2012/6/6 10:58,1258
2012/6/6 10:59,
2012/6/6 11:00,1260
2012/6/6 11:01,1261
2012/6/6 11:02,
2012/6/6 11:03,1263
2012/6/6 11:04,
2012/6/6 11:05,1265
2012/6/6 11:06,
2012/6/6 11:07,
2012/6/6 11:08,1268
2012/6/6 11:09,
2012/6/6 11:10,1270
2012/6/6 11:11,
2012/6/6 11:12,
2012/6/6 11:13,1273
2012/6/6 11:14,
2012/6/6 11:15,1275
2012/6/6 11:16,
2012/6/6 11:17,1277
2012/6/6 11:18,1278
2012/6/6 11:19,1279
2012/6/6 11:20,
2012/6/6 11:21,
2012/6/6 11:22,
2012/6/6 11:23,1283
2012/6/6 11:24,
2012/6/6 11:25,1285
2012/6/6 11:26,1286
2012/6/6 11:27,1287
2012/6/6 11:28,
2012/6/6 11:29,1289
2012/6/6 11:30,
2012/6/6 11:31,
2012/6/6 11:32,
2012/6/6 11:33,
2012/6/6 11:34,1294
2012/6/6 11:35,
2012/6/6 11:36,1296
2012/6/6 11:37,1297
2012/6/6 11:38,
2012/6/6 11:39,1299
2012/6/6 11:40,
2012/6/6 11:41,
2012/6/6 11:42,
2012/6/6 11:43,1303
2012/6/6 11:44,
2012/6/6 11:45,
2012/6/6 11:46,
2012/6/6 11:47,1307
2012/6/6 11:48,
2012/6/6 11:49,
2012/6/6 11:50,
2012/6/6 11:51,
2012/6/6 11:52,
2012/6/6 11:53,1313
2012/6/6 11:54,
2012/6/6 11:55,
2012/6/6 11:56,1316
2012/6/6 11:57,1317
2012/6/6 11:58,1318
2012/6/6 11:59,1319
2012/6/6 12:00,
2012/6/6 12:01,1321
2012/6/6 12:02,1322
2012/6/6 12:03,
2012/6/6 12:04,1324
2012/6/6 12:05,1325
2012/6/6 12:06,
2012/6/6 12:07,
2012/6/6 12:08,
2012/6/6 12:09,1329
2012/6/6 12:10,
2012/6/6 12:11,
2012/6/6 12:12,
2012/6/6 12:13,
2012/6/6 12:14,1334
2012/6/6 12:15,1335
2012/6/6 12:16,
2012/6/6 12:17,
2012/6/6 12:18,1338
2012/6/6 12:19,
2012/6/6 12:20,
2012/6/6 12:21,
2012/6/6 12:22,
2012/6/6 12:23,
2012/6/6 12:24,
2012/6/6 12:25,1345
2012/6/6 12:26,
2012/6/6 12:27,1347
2012/6/6 12:28,
2012/6/6 12:29,1349
2012/6/6 12:30,
2012/6/6 12:31,
2012/6/6 12:32,
2012/6/6 12:33,
2012/6/6 12:34,1354
2012/6/6 12:35,1355
2012/6/6 12:36,
2012/6/6 12:37,1357
2012/6/6 12:38,
2012/6/6 12:39,1359
2012/6/6 12:40,
2012/6/6 12:41,
2012/6/6 12:42,
2012/6/6 12:43,1363
2012/6/6 12:44,
2012/6/6 12:45,
2012/6/6 12:46,1366
2012/6/6 12:47,1367
2012/6/6 12:48,1368
2012/6/6 12:49,
2012/6/6 12:50,
2012/6/6 12:51,
2012/6/6 12:52,
2012/6/6 12:53,1373
2012/6/6 12:54,
2012/6/6 12:55,1375
2012/6/6 12:56,1376
2012/6/6 12:57,
2012/6/6 12:58,
2012/6/6 12:59,
2012/6/6 13:00,1380
2012/6/6 13:01,1381
2012/6/6 13:02,
2012/6/6 13:03,1383
2012/6/6 13:04,
2012/6/6 13:05,
2012/6/6 13:06,
2012/6/6 13:07,
2012/6/6 13:08,1388
2012/6/6 13:09,1389
2012/6/6 13:10,1390
2012/6/6 13:11,
2012/6/6 13:12,
2012/6/6 13:13,
2012/6/6 13:14,
2012/6/6 13:15,1395
2012/6/6 13:16,1396
2012/6/6 13:17,
2012/6/6 13:18,1398
2012/6/6 13:19,
2012/6/6 13:20,1400
2012/6/6 13:21,
2012/6/6 13:22,1402
2012/6/6 13:23,1403
2012/6/6 13:24,
2012/6/6 13:25,
2012/6/6 13:26,1406
2012/6/6 13:27,
2012/6/6 13:28,
2012/6/6 13:29,1409
2012/6/6 13:30,1410
2012/6/6 13:31,
2012/6/6 13:32,
2012/6/6 13:33,
2012/6/6 13:34,1414
2012/6/6 13:35,
2012/6/6 13:36,
2012/6/6 13:37,
2012/6/6 13:38,
2012/6/6 13:39,
2012/6/6 13:40,1420
2012/6/6 13:41,1421
2012/6/6 13:42,1422
2012/6/6 13:43,1423
2012/6/6 13:44,
2012/6/6 13:45,1425
2012/6/6 13:46,1426
2012/6/6 13:47,
2012/6/6 13:48,1428
2012/6/6 13:49,
2012/6/6 13:50,1430
2012/6/6 13:51,
2012/6/6 13:52,
2012/6/6 13:53,
2012/6/6 13:54,
2012/6/6 13:55,1435
2012/6/6 13:56,
2012/6/6 13:57,
2012/6/6 13:58,
2012/6/6 13:59,
2012/6/6 14:00,1440
2012/6/6 14:01,
2012/6/6 14:02,
2012/6/6 14:03,1443
2012/6/6 14:04,1444
2012/6/6 14:05,1445
2012/6/6 14:06,
2012/6/6 14:07,
2012/6/6 14:08,
2012/6/6 14:09,1449
2012/6/6 14:10,
2012/6/6 14:11,1451
2012/6/6 14:12,
2012/6/6 14:13,
2012/6/6 14:14,
2012/6/6 14:15,1455
2012/6/6 14:16,1456
2012/6/6 14:17,
2012/6/6 14:18,
2012/6/6 14:19,
2012/6/6 14:20,
2012/6/6 14:21,
2012/6/6 14:22,
2012/6/6 14:23,1463
2012/6/6 14:24,1464
2012/6/6 14:25,1465
2012/6/6 14:26,
2012/6/6 14:27,1467
2012/6/6 14:28,1468
2012/6/6 14:29,1469
2012/6/6 14:30,
2012/6/6 14:31,1471
2012/6/6 14:32,1472
2012/6/6 14:33,1473
2012/6/6 14:34,1474
2012/6/6 14:35,
2012/6/6 14:36,
2012/6/6 14:37,1477
2012/6/6 14:38,
2012/6/6 14:39,1479
2012/6/6 14:40,1480
2012/6/6 14:41,
2012/6/6 14:42,1482
2012/6/6 14:43,1483
2012/6/6 14:44,
2012/6/6 14:45,
2012/6/6 14:46,
2012/6/6 14:47,
2012/6/6 14:48,
2012/6/6 14:49,
2012/6/6 14:50,
2012/6/6 14:51,
2012/6/6 14:52,
2012/6/6 14:53,1493
2012/6/6 14:54,1494
2012/6/6 14:55,
2012/6/6 14:56,
2012/6/6 14:57,
2012/6/6 14:58,1498
2012/6/6 14:59,
2012/6/6 15:00,1500
2012/6/6 15:01,1501
2012/6/6 15:02,1502
2012/6/6 15:03,
2012/6/6 15:04,1504
2012/6/6 15:05,1505
2012/6/6 15:06,1506
2012/6/6 15:07,1507
2012/6/6 15:08,1508
2012/6/6 15:09,1509
2012/6/6 15:10,1510
2012/6/6 15:11,
2012/6/6 15:12,1512
2012/6/6 15:13,1513
2012/6/6 15:14,
2012/6/6 15:15,
2012/6/6 15:16,
2012/6/6 15:17,1517
2012/6/6 15:18,1518
2012/6/6 15:19,
2012/6/6 15:20,1520
2012/6/6 15:21,1521
2012/6/6 15:22,1522
2012/6/6 15:23,
2012/6/6 15:24,1524
2012/6/6 15:25,1525
2012/6/6 15:26,
2012/6/6 15:27,
2012/6/6 15:28,1528
2012/6/6 15:29,1529
2012/6/6 15:30,1530
2012/6/6 15:31,
2012/6/6 15:32,1532
2012/6/6 15:33,1533
2012/6/6 15:34,
2012/6/6 15:35,
2012/6/6 15:36,
2012/6/6 15:37,
2012/6/6 15:38,
2012/6/6 15:39,1539
2012/6/6 15:40,
2012/6/6 15:41,1541
2012/6/6 15:42,
2012/6/6 15:43,1543
2012/6/6 15:44,
2012/6/6 15:45,
2012/6/6 15:46,1546
2012/6/6 15:47,
2012/6/6 15:48,1548
2012/6/6 15:49,
2012/6/6 15:50,
2012/6/6 15:51,1551
2012/6/6 15:52,
2012/6/6 15:53,
2012/6/6 15:54,1554
2012/6/6 15:55,1555
2012/6/6 15:56,1556
2012/6/6 15:57,
2012/6/6 15:58,
2012/6/6 15:59,
