2006/1/3,,,1.100102815,1.100102815
2006/1/4,,,,
2006/1/5,,,,
2006/1/6,,,,
2006/1/9,,,,
2006/1/10,,,,
2006/1/11,,,,
2006/1/12,,,,
2006/1/13,,,,
2006/1/16,,,,
2006/1/17,,,,
2006/1/18,,,,
2006/1/19,,,,
2006/1/20,,,,
2006/1/23,,,,
2006/1/24,,,,
2006/1/25,,,,
2006/1/26,,,,
2006/1/27,,,,
2006/1/30,,,,
2006/1/31,,,,
2006/2/1,,,,
2006/2/2,,,,
2006/2/3,,,,
2006/2/6,,,,
2006/2/7,,,,
2006/2/8,,,,
2006/2/9,,,,
2006/2/10,,,,
2006/2/13,,,,
2006/2/14,,,,
2006/2/15,,,,
2006/2/16,,,,
2006/2/17,,,,
2006/2/20,,,,
2006/2/21,,,,
2006/2/22,,,,
2006/2/23,,,,
2006/2/24,,,,
2006/2/27,,,,
2006/2/28,,,,
2006/3/1,,,,
2006/3/2,,,,
2006/3/3,,,,
2006/3/6,,,,
2006/3/7,,,,
2006/3/8,,,,
2006/3/9,,,,
2006/3/10,,,,
2006/3/13,,,,
2006/3/14,,,,
2006/3/15,,,,
2006/3/16,,,,
2006/3/17,,,,
2006/3/20,,,,
2006/3/21,,,,
2006/3/22,,,,
2006/3/23,,,,
2006/3/24,,,,
2006/3/27,,,,
2006/3/28,,,,
2006/3/29,,,,
2006/3/30,,,,
2006/3/31,,,,
2006/4/3,,,,
2006/4/4,,,,
2006/4/5,,,,
2006/4/6,,,,
2006/4/7,,,,
2006/4/10,,,,
2006/4/11,,,,
2006/4/12,,,,
2006/4/13,,,,
2006/4/14,,,,
2006/4/17,,,,
2006/4/18,,,,
2006/4/19,,,,
2006/4/20,,,,
2006/4/21,,,,
2006/4/24,,,,
2006/4/25,,,,
2006/4/26,,,,
2006/4/27,,,,
2006/4/28,,,,
2006/5/1,,,,
2006/5/2,,,,
2006/5/3,,,,
2006/5/4,,,,
2006/5/5,,,,
2006/5/8,,,,
2006/5/9,,,,
2006/5/10,,,,
2006/5/11,,,,
2006/5/12,,,,
2006/5/15,,,,
2006/5/16,,,,
2006/5/17,,,,
2006/5/18,,,,
2006/5/19,,,,
2006/5/22,,,,
2006/5/23,,,,
2006/5/24,,,,
2006/5/25,,,,
2006/5/26,,,,
2006/5/29,,,,
2006/5/30,0.999977741,,,
2006/5/31,0.999991755,,,
2006/6/1,1.000003747,,,
2006/6/2,1.000006375,,,
2006/6/5,0.999892435,,,
2006/6/6,0.999873371,,,
2006/6/7,0.999814808,,,
2006/6/8,0.999807976,,,
2006/6/9,0.999783112,,,
2006/6/12,0.999777774,,,
2006/6/13,0.99977206,,,
2006/6/14,0.999775874,,,
2006/6/15,0.999786311,,,
2006/6/16,0.999782726,,,
2006/6/19,0.99996281,,,
2006/6/20,0.999885006,,,
2006/6/21,0.999715167,,,
2006/6/22,0.999815937,,,
2006/6/23,0.999819617,,,
2006/6/26,0.999782624,,,
2006/6/27,0.999854943,,,
2006/6/28,0.999798201,,,
2006/6/29,0.999629128,,,
2006/6/30,0.99962847,,,
2006/7/3,0.999563137,,,
2006/7/4,,,,
2006/7/5,0.999654475,,,
2006/7/6,0.99960791,,,
2006/7/7,0.999712058,,,
2006/7/10,0.999740717,,,
2006/7/11,0.999807466,,,
2006/7/12,0.999646066,,,
2006/7/13,0.999400194,,,
2006/7/14,0.999341686,,,
2006/7/17,0.999325766,,,
2006/7/18,0.999381567,,,
2006/7/19,0.999533146,,,
2006/7/20,0.999458383,,,
2006/7/21,0.999381358,,,
2006/7/24,0.99889355,,,
2006/7/25,0.998798205,,,
2006/7/26,0.998762318,,,
2006/7/27,0.998787616,,,
2006/7/28,0.998519623,,,
2006/7/31,0.998537697,,,
2006/8/1,0.998625374,,,
2006/8/2,0.998505085,,,
2006/8/3,0.998457854,,,
2006/8/4,0.998488333,,,
2006/8/7,0.998476229,,,
2006/8/8,0.998456412,,,
2006/8/9,0.998438955,,,
2006/8/10,0.998454841,,,
2006/8/11,0.998440221,,,
2006/8/14,0.99843768,,,
2006/8/15,0.998399083,,,
2006/8/16,0.998372235,,,
2006/8/17,0.998364023,,,
2006/8/18,0.998347641,,,
2006/8/21,0.998409472,,,
2006/8/22,0.998410582,,,
2006/8/23,0.998450507,,,
2006/8/24,0.998462741,,,
2006/8/25,0.998444931,,,
2006/8/28,0.998490289,,,
2006/8/29,0.998501211,,,
2006/8/30,0.99850703,,,
2006/8/31,0.998505576,,,
2006/9/1,0.99856228,,,
2006/9/4,,,,
2006/9/5,0.9985711,,,
2006/9/6,0.998530256,,,
2006/9/7,0.998508943,,,
2006/9/8,0.998522147,,,
2006/9/11,0.998543939,,,
2006/9/12,0.998758292,,,
2006/9/13,0.998846203,,,
2006/9/14,0.998847854,,,
2006/9/15,0.99889913,,,
2006/9/18,0.998914605,,,
2006/9/19,0.998886271,,,
2006/9/20,0.998946522,,,
2006/9/21,0.998891723,,,
2006/9/22,0.998857309,,,
2006/9/25,0.999009126,,,
2006/9/26,0.999173238,,,
2006/9/27,0.999196917,,,
2006/9/28,0.999189525,,,
2006/9/29,0.99917326,,,
2006/10/2,0.999093412,,,
2006/10/3,0.999138291,,,
2006/10/4,0.999387818,,,
2006/10/5,0.999428934,,,
2006/10/6,0.999402101,,,
2006/10/9,0.999414727,,,
2006/10/10,0.999443119,,,
2006/10/11,0.999417914,,,
2006/10/12,0.999602427,,,
2006/10/13,0.99965716,,,
2006/10/16,0.999755058,,,
2006/10/17,0.999554884,,,
2006/10/18,0.999638923,,,
2006/10/19,0.999741515,,,
2006/10/20,0.999755484,,,
2006/10/23,1.000150783,,,
2006/10/24,1.000406963,,,
2006/10/25,1.000699833,,,
2006/10/26,1.000966941,,,
2006/10/27,1.000428038,,,
2006/10/30,1.000369801,,,
2006/10/31,1.000358144,,,
2006/11/1,0.999816137,,,
2006/11/2,0.99976922,,,
2006/11/3,0.999628393,,,
2006/11/6,1.000770682,,,
2006/11/7,1.001159864,,,
2006/11/8,1.001379402,,,
2006/11/9,1.000846228,,,
2006/11/10,1.000890268,,,
2006/11/13,1.00116327,,,
2006/11/14,1.001996517,,,
2006/11/15,1.002314884,,,
2006/11/16,1.002600679,,,
2006/11/17,1.002632357,,,
2006/11/20,1.002698299,,,
2006/11/21,1.002813636,,,
2006/11/22,1.003044108,,,
2006/11/23,,,,
2006/11/24,1.002575763,,,
2006/11/27,1.000923234,,,
2006/11/28,1.001443281,,,
2006/11/29,1.002695272,,,
2006/11/30,1.002746607,,,
2006/12/1,1.002481472,,,
2006/12/4,1.003249832,,,
2006/12/5,1.003684889,,,
2006/12/6,1.003599639,,,
2006/12/7,1.003158828,,,
2006/12/8,1.003344412,,,
2006/12/11,1.003696363,,,
2006/12/12,1.003602178,,,
2006/12/13,1.003730694,,,
2006/12/14,1.004800713,,,
2006/12/15,1.004811818,,,
2006/12/18,1.004438972,,,
2006/12/19,1.004697713,,,
2006/12/20,1.004621175,,,
2006/12/21,1.004123438,,,
2006/12/22,1.003288055,,,
2006/12/25,,,,
2006/12/26,1.004018798,,,
2006/12/27,1.004833366,,,
2006/12/28,1.004572114,,,
2006/12/29,1.004057336,,,
2007/1/1,,,,
2007/1/2,,,,
2007/1/3,1.003858375,,,
2007/1/4,1.004097505,,,
2007/1/5,1.00319848,,,
2007/1/8,1.003740799,,,
2007/1/9,1.00364109,,,
2007/1/10,1.00403191,,,
2007/1/11,1.004545971,,,
2007/1/12,1.00543797,,,
2007/1/15,,,,
2007/1/16,1.005214934,,,
2007/1/17,1.005262809,,,
2007/1/18,1.004879929,,,
2007/1/19,1.005103948,,,
2007/1/22,1.00478958,,,
2007/1/23,1.005090489,,,
2007/1/24,1.005912227,,,
2007/1/25,1.00471329,,,
2007/1/26,1.004620086,,,
2007/1/29,1.004560932,,,
2007/1/30,1.005108371,,,
2007/1/31,1.005815282,,,
2007/2/1,1.006444766,,,
2007/2/2,1.006590375,,,
2007/2/5,1.006617123,,,
2007/2/6,1.006643854,,,
2007/2/7,1.006857691,,,
2007/2/8,1.006730979,,,
2007/2/9,1.006009882,,,
2007/2/12,1.005622713,,,
2007/2/13,1.006581674,,,
2007/2/14,1.007328985,,,
2007/2/15,1.007477584,,,
2007/2/16,1.007422896,,,
2007/2/19,,,,
2007/2/20,1.007632903,,,
2007/2/21,1.007592335,,,
2007/2/22,1.007517931,,,
2007/2/23,1.007132125,,,
2007/2/26,1.007037118,,,
2007/2/27,1.002890185,,,
2007/2/28,1.003974084,,,
2007/3/1,1.003658625,,,
2007/3/2,1.002272919,,,
2007/3/5,1.001465884,,,
2007/3/6,1.002915293,,,
2007/3/7,1.002830275,,,
2007/3/8,1.003547522,,,
2007/3/9,1.003571644,,,
2007/3/12,1.003634343,,,
2007/3/13,1.002817463,,,
2007/3/14,1.003130368,,,
2007/3/15,1.003187681,,,
2007/3/16,1.003070031,,,
2007/3/19,1.003516464,,,
2007/3/20,1.003719945,,,
2007/3/21,1.004329798,,,
2007/3/22,1.004301333,,,
2007/3/23,1.004355717,,,
2007/3/26,1.004314503,,,
2007/3/27,1.00424066,,,
2007/3/28,1.004014265,,,
2007/3/29,1.004047149,,,
2007/3/30,1.004053719,,,
2007/4/2,1.004107821,,,
2007/4/3,1.00462461,,,
2007/4/4,1.004678107,,,
2007/4/5,1.004808364,,,
2007/4/6,,,,
2007/4/9,1.004874981,,,
2007/4/10,1.004931531,,,
2007/4/11,1.004735487,,,
2007/4/12,1.004948976,,,
2007/4/13,1.005168209,,,
2007/4/16,1.005671849,,,
2007/4/17,1.005812914,,,
2007/4/18,1.005877861,,,
2007/4/19,1.005863443,,,
2007/4/20,1.0063645,,,
2007/4/23,1.006166214,,,
2007/4/24,1.006187534,,,
2007/4/25,1.00667063,,,
2007/4/26,1.006730496,,,
2007/4/27,1.006688285,,,
2007/4/30,1.006141783,,,
2007/5/1,1.00631057,,,
2007/5/2,1.006696072,,,
2007/5/3,1.007053044,,,
2007/5/4,1.007302974,,,
2007/5/7,1.007317572,,,
2007/5/8,1.007220267,,,
2007/5/9,1.007419992,,,
2007/5/10,1.006652259,,,
2007/5/11,1.007280309,,,
2007/5/14,1.007119919,,,
2007/5/15,1.007139404,,,
2007/5/16,1.007640908,,,
2007/5/17,1.007495757,,,
2007/5/18,1.008135584,,,
2007/5/21,1.008100299,,,
2007/5/22,1.00804735,,,
2007/5/23,1.008056184,,,
2007/5/24,1.007446864,,,
2007/5/25,1.007727405,,,
2007/5/28,,,,
2007/5/29,1.008010758,,,
2007/5/30,1.008647454,,,
2007/5/31,1.008565917,,,
2007/6/1,1.008953615,,,
2007/6/4,1.008963321,,,
2007/6/5,1.008667358,,,
2007/6/6,1.007863854,,,
2007/6/7,1.006516136,,,
2007/6/8,1.007486593,,,
2007/6/11,1.00764489,,,
2007/6/12,1.006641912,,,
2007/6/13,1.00801717,,,
2007/6/14,1.008604723,,,
2007/6/15,1.009128507,,,
2007/6/18,1.00905743,,,
2007/6/19,1.009207642,,,
2007/6/20,1.008367636,,,
2007/6/21,1.008703293,,,
2007/6/22,1.008134846,,,
2007/6/25,1.007764238,,,
2007/6/26,1.006968027,,,
2007/6/27,1.008069391,,,
2007/6/28,1.008059093,,,
2007/6/29,1.008084851,,,
2007/7/2,1.008640684,,,
2007/7/3,1.00886358,,,
2007/7/4,,,,
2007/7/5,1.008798956,,,
2007/7/6,1.009122388,,,
2007/7/9,1.009162546,,,
2007/7/10,1.008433612,,,
2007/7/11,1.008796298,,,
2007/7/12,1.009604357,,,
2007/7/13,1.009756952,,,
2007/7/16,1.009748629,,,
2007/7/17,1.00971534,,,
2007/7/18,1.009598778,,,
2007/7/19,1.009848983,,,
2007/7/20,1.009196654,,,
2007/7/23,1.00940302,,,
2007/7/24,1.008234031,,,
2007/7/25,1.008371991,,,
2007/7/26,1.006777369,,,
2007/7/27,1.005455533,,,
2007/7/30,1.006843916,,,
2007/7/31,1.00584288,,,
2007/8/1,1.006275474,,,
2007/8/2,1.006985207,,,
2007/8/3,1.004696778,,,
2007/8/6,1.005866467,,,
2007/8/7,1.006611994,,,
2007/8/8,1.007586803,,,
2007/8/9,1.005512636,,,
2007/8/10,1.005185948,,,
2007/8/13,1.005394446,,,
2007/8/14,1.004507305,,,
2007/8/15,1.003708552,,,
2007/8/16,1.004143999,,,
2007/8/17,1.005208637,,,
2007/8/20,1.005189784,,,
2007/8/21,1.005267915,,,
2007/8/22,1.005730434,,,
2007/8/23,1.005695873,,,
2007/8/24,1.006177516,,,
2007/8/27,1.006044465,,,
2007/8/28,1.005730167,,,
2007/8/29,1.006010648,,,
2007/8/30,1.005972594,,,
2007/8/31,1.006113472,,,
2007/9/3,,,,
2007/9/4,1.006428436,,,
2007/9/5,1.006158389,,,
2007/9/6,1.006230168,,,
2007/9/7,1.005796253,,,
2007/9/10,1.005740388,,,
2007/9/11,1.006080189,,,
2007/9/12,1.006155292,,,
2007/9/13,1.006360332,,,
2007/9/14,1.006358371,,,
2007/9/17,1.006296522,,,
2007/9/18,1.006635405,,,
2007/9/19,1.00670338,,,
2007/9/20,1.006622283,,,
2007/9/21,1.006653358,,,
2007/9/24,1.006630421,,,
2007/9/25,1.0066058,,,
2007/9/26,1.006671583,,,
2007/9/27,1.006745205,,,
2007/9/28,1.006703728,,,
2007/10/1,1.007060949,,,
2007/10/2,1.007017805,,,
2007/10/3,1.006954034,,,
2007/10/4,1.007003503,,,
2007/10/5,1.007380128,,,
2007/10/8,1.007211932,,,
2007/10/9,1.007509327,,,
2007/10/10,1.007456846,,,
2007/10/11,1.00730521,,,
2007/10/12,1.007479899,,,
2007/10/15,1.007131897,,,
2007/10/16,1.006804978,,,
2007/10/17,1.006930857,,,
2007/10/18,1.006781312,,,
2007/10/19,1.005704037,,,
2007/10/22,1.005908056,,,
2007/10/23,1.006192556,,,
2007/10/24,1.006127768,,,
2007/10/25,1.006211216,,,
2007/10/26,1.006622876,,,
2007/10/29,1.006650253,,,
2007/10/30,1.006593005,,,
2007/10/31,1.006678664,,,
2007/11/1,1.006485631,,,
2007/11/2,1.006494911,,,
2007/11/5,1.006335813,,,
2007/11/6,1.006617372,,,
2007/11/7,1.006045071,,,
2007/11/8,1.00593905,,,
2007/11/9,1.005652075,,,
2007/11/12,1.00551027,,,
2007/11/13,1.005945855,,,
2007/11/14,1.00590627,,,
2007/11/15,1.005700057,,,
2007/11/16,1.00572461,,,
2007/11/19,1.006093451,,,
2007/11/20,1.005931241,,,
2007/11/21,1.006473448,,,
2007/11/22,,,,
2007/11/23,1.006015037,,,
2007/11/26,1.006369215,,,
2007/11/27,1.006184648,,,
2007/11/28,1.005671129,,,
2007/11/29,1.005665677,,,
2007/11/30,1.005504311,,,
2007/12/3,1.005838152,,,
2007/12/4,1.006290943,,,
2007/12/5,1.005442571,,,
2007/12/6,1.004717758,,,
2007/12/7,1.004727815,,,
2007/12/10,1.004532216,,,
2007/12/11,1.005223854,,,
2007/12/12,1.004974701,,,
2007/12/13,1.005027073,,,
2007/12/14,1.005347058,,,
2007/12/17,1.005579229,,,
2007/12/18,1.00548836,,,
2007/12/19,1.00548836,,,
2007/12/20,1.005385733,,,
2007/12/21,1.005151175,,,
2007/12/24,1.005113169,,,
2007/12/25,,,,
2007/12/26,1.005102194,,,
2007/12/27,1.005166531,,,
2007/12/28,1.005179355,,,
2007/12/31,1.005030035,,,
2008/1/1,,,,
2008/1/2,1.004853403,,,
2008/1/3,1.004843662,,,
2008/1/4,1.004349315,,,
2008/1/7,1.004329883,,,
2008/1/8,1.003960353,,,
2008/1/9,1.004200776,,,
2008/1/10,1.004350736,,,
2008/1/11,1.004166098,,,
2008/1/14,1.004210902,,,
2008/1/15,1.004088575,,,
2008/1/16,1.00404072,,,
2008/1/17,1.003896727,,,
2008/1/18,1.003839688,,,
2008/1/21,,,,
2008/1/22,1.003976825,,,
2008/1/23,1.003652134,,,
2008/1/24,1.003538064,,,
2008/1/25,1.003733241,,,
2008/1/28,1.002467098,,,
2008/1/29,1.002088255,,,
2008/1/30,1.002650694,,,
2008/1/31,1.001256059,,,
2008/2/1,1.000027295,,,
2008/2/4,1.000953538,,,
2008/2/5,1.002922121,,,
2008/2/6,1.003515308,,,
2008/2/7,1.003027766,,,
2008/2/8,1.003500864,,,
2008/2/11,1.003219214,,,
2008/2/12,1.002708362,,,
2008/2/13,1.002145351,,,
2008/2/14,1.002629702,,,
2008/2/15,1.002641924,,,
2008/2/18,,,,
2008/2/19,1.002363471,,,
2008/2/20,1.002071274,,,
2008/2/21,1.002894078,,,
2008/2/22,1.002284152,,,
2008/2/25,1.001031741,,,
2008/2/26,1.000287693,,,
2008/2/27,1.000387998,,,
2008/2/28,1.00135631,,,
2008/2/29,1.003567673,,,
2008/3/3,1.003815551,,,
2008/3/4,1.004211638,,,
2008/3/5,1.003556496,,,
2008/3/6,1.005701958,,,
2008/3/7,1.006771953,,,
2008/3/10,1.008424168,,,
2008/3/11,1.003912858,,,
2008/3/12,1.005081516,,,
2008/3/13,1.004805308,,,
2008/3/14,1.006743516,,,
2008/3/17,1.008337038,,,
2008/3/18,1.001776894,,,
2008/3/19,1.005662883,,,
2008/3/20,1.002745691,,,
2008/3/21,,,,
2008/3/24,0.999928836,,,
2008/3/25,0.999793222,,,
2008/3/26,1.001512525,,,
2008/3/27,1.001956344,,,
2008/3/28,1.003303222,,,
2008/3/31,1.002888862,,,
2008/4/1,0.998725578,,,
2008/4/2,0.998647895,,,
2008/4/3,0.998354631,,,
2008/4/4,0.99848365,,,
2008/4/7,0.998426743,,,
2008/4/8,0.998540478,,,
2008/4/9,0.999345665,,,
2008/4/10,0.999189882,,,
2008/4/11,1.001351069,,,
2008/4/14,1.001526898,,,
2008/4/15,1.001405338,,,
2008/4/16,0.99999327,,,
2008/4/17,0.999917211,,,
2008/4/18,0.999374221,,,
2008/4/21,0.999341391,,,
2008/4/22,0.999627298,,,
2008/4/23,0.999730899,,,
2008/4/24,0.99944787,,,
2008/4/25,0.998846873,,,
2008/4/28,0.998843451,,,
2008/4/29,0.998906185,,,
2008/4/30,0.999000092,,,
2008/5/1,0.998670592,,,
2008/5/2,0.998626585,,,
2008/5/5,0.998821423,,,
2008/5/6,0.9984701,,,
2008/5/7,0.999192152,,,
2008/5/8,0.999296834,,,
2008/5/9,0.999372643,,,
2008/5/12,0.998860783,,,
2008/5/13,0.9988543,,,
2008/5/14,0.998760264,,,
2008/5/15,0.998190807,,,
2008/5/16,0.998149286,,,
2008/5/19,0.998055692,,,
2008/5/20,0.998333291,,,
2008/5/21,0.998912486,,,
2008/5/22,0.998907576,,,
2008/5/23,0.999366829,,,
2008/5/26,,,,
2008/5/27,0.999188069,,,
2008/5/28,0.999076752,,,
2008/5/29,0.998955571,,,
2008/5/30,0.99889529,,,
2008/6/2,0.999314641,,,
2008/6/3,0.999551442,,,
2008/6/4,0.999572029,,,
2008/6/5,0.998759799,,,
2008/6/6,1.00005419,,,
2008/6/9,1.000051626,,,
2008/6/10,1.000056897,,,
2008/6/11,1.000072478,,,
2008/6/12,1.000068446,,,
2008/6/13,1.000055055,,,
2008/6/16,1.000054186,,,
2008/6/17,1.000061347,,,
2008/6/18,1.000075738,,,
2008/6/19,1.000073866,,,
2008/6/20,1.000097857,,,
2008/6/23,1.000068382,,,
2008/6/24,1.000009378,,,
2008/6/25,1.000150351,,,
2008/6/26,0.999340053,,,
2008/6/27,0.999177324,,,
2008/6/30,0.99916096,,,
2008/7/1,0.999146466,,,
2008/7/2,0.999225936,,,
2008/7/3,0.999221158,,,
2008/7/4,,,,
2008/7/7,0.999601197,,,
2008/7/8,0.998940177,,,
2008/7/9,0.999656478,,,
2008/7/10,0.999504333,,,
2008/7/11,0.999938045,,,
2008/7/14,1.000320856,,,
2008/7/15,1.000917789,,,
2008/7/16,0.999877724,,,
2008/7/17,0.999454333,,,
2008/7/18,0.999190753,,,
2008/7/21,0.999149997,,,
2008/7/22,0.998317887,,,
2008/7/23,0.997921216,,,
2008/7/24,0.99944158,,,
2008/7/25,0.999459117,,,
2008/7/28,1.000481586,,,
2008/7/29,0.998991214,,,
2008/7/30,0.997749417,,,
2008/7/31,0.998670091,,,
2008/8/1,0.999038148,,,
2008/8/4,0.999388288,,,
2008/8/5,0.998369971,,,
2008/8/6,0.998202429,,,
2008/8/7,0.998764197,,,
2008/8/8,0.998062856,,,
2008/8/11,0.9979528,,,
2008/8/12,0.99806334,,,
2008/8/13,0.998127412,,,
2008/8/14,0.998047246,,,
2008/8/15,0.997995572,,,
2008/8/18,0.997950475,,,
2008/8/19,0.997914516,,,
2008/8/20,0.997929837,,,
2008/8/21,0.997935523,,,
2008/8/22,0.997983259,,,
2008/8/25,0.998466573,,,
2008/8/26,0.998397136,,,
2008/8/27,0.998165122,,,
2008/8/28,0.997876116,,,
2008/8/29,0.9981323,,,
2008/9/1,,,,
2008/9/2,0.998434365,,,
2008/9/3,0.998476172,,,
2008/9/4,0.999940716,,,
2008/9/5,0.999787531,,,
2008/9/8,0.998859986,,,
2008/9/9,1.000191852,,,
2008/9/10,1.000009564,,,
2008/9/11,0.999359731,,,
2008/9/12,0.999152311,,,
2008/9/15,1.002016768,,,
2008/9/16,1.001006341,,,
2008/9/17,1.003717989,,,
2008/9/18,1.001923702,,,
2008/9/19,0.999526437,,,
2008/9/22,1.001783942,,,
2008/9/23,1.004057756,,,
2008/9/24,1.003736681,,,
2008/9/25,1.002170612,,,
2008/9/26,1.002120952,,,
2008/9/29,1.012399866,,,
2008/9/30,1.006914955,,,
2008/10/1,1.006835414,,,
2008/10/2,1.011616006,,,
2008/10/3,1.01340365,,,
2008/10/6,1.021448911,,,
2008/10/7,1.028579328,,,
2008/10/8,1.032618219,,,
2008/10/9,1.043858905,,,
2008/10/10,1.047805397,,,
2008/10/13,1.012421806,,,
2008/10/14,1.015906707,,,
2008/10/15,1.039167304,,,
2008/10/16,1.029099395,,,
2008/10/17,1.030528754,,,
2008/10/20,1.008415927,,,
2008/10/21,1.019168665,,,
2008/10/22,1.03899023,,,
2008/10/23,1.034691495,,,
2008/10/24,1.053432835,,,
2008/10/27,1.066195443,,,
2008/10/28,1.023676956,,,
2008/10/29,1.026210611,,,
2008/10/30,1.014095466,,,
2008/10/31,1.012190795,,,
2008/11/3,1.011066083,,,
2008/11/4,0.997863369,,,
2008/11/5,1.013978727,,,
2008/11/6,1.035569066,,,
2008/11/7,1.022430111,,,
2008/11/10,1.02614357,,,
2008/11/11,1.034924522,,,
2008/11/12,1.047545508,,,
2008/11/13,1.029446402,,,
2008/11/14,1.043685478,,,
2008/11/17,1.047990993,,,
2008/11/18,1.041856977,,,
2008/11/19,1.062601287,,,
2008/11/20,1.08711129,,,
2008/11/21,1.068889786,,,
2008/11/24,1.043856137,,,
2008/11/25,1.041242003,,,
2008/11/26,1.027642687,,,
2008/11/27,,,,
2008/11/28,1.023270177,,,
2008/12/1,1.058822834,,,
2008/12/2,1.042839424,,,
2008/12/3,1.0330054,,,
2008/12/4,1.042378756,,,
2008/12/5,1.029772461,,,
2008/12/8,1.01904207,,,
2008/12/9,1.02405527,,,
2008/12/10,1.0219722,,,
2008/12/11,1.029317313,,,
2008/12/12,1.025649367,,,
2008/12/15,1.029393422,,,
2008/12/16,1.016700902,,,
2008/12/17,1.019280941,,,
2008/12/18,1.024269925,,,
2008/12/19,1.025424187,,,
2008/12/22,1.028977921,,,
2008/12/23,1.031854972,,,
2008/12/24,1.030235389,,,
2008/12/25,,,,
2008/12/26,1.028627677,,,
2008/12/29,1.029421379,,,
2008/12/30,1.022857389,,,
2008/12/31,1.018929569,,,
2009/1/1,,,,
2009/1/2,1.010667438,,,
2009/1/5,1.011021368,,,
2009/1/6,1.009023427,,,
2009/1/7,1.0179688,,,
2009/1/8,1.016739417,,,
2009/1/9,1.023184436,,,
2009/1/12,1.029451816,,,
2009/1/13,1.02896874,,,
2009/1/14,1.037222118,,,
2009/1/15,1.037128074,,,
2009/1/16,1.035059942,,,
2009/1/19,,,,
2009/1/20,1.050403865,,,
2009/1/21,1.037662594,,,
2009/1/22,1.042169856,,,
2009/1/23,1.040896579,,,
2009/1/26,1.038484755,,,
2009/1/27,1.03492095,,,
2009/1/28,1.023091101,,,
2009/1/29,1.034323877,,,
2009/1/30,1.041432553,,,
2009/2/2,1.042505101,,,
2009/2/3,1.037508278,,,
2009/2/4,1.039241571,,,
2009/2/5,1.033964775,,,
2009/2/6,1.023910716,,,
2009/2/9,1.023486172,,,
2009/2/10,1.037577485,,,
2009/2/11,1.035738929,,,
2009/2/12,1.035515497,,,
2009/2/13,1.038863583,,,
2009/2/16,,,,
2009/2/17,1.050946076,,,
2009/2/18,1.051631439,,,
2009/2/19,1.054706861,,,
2009/2/20,1.057494689,,,
2009/2/23,1.06889837,,,
2009/2/24,1.056685037,,,
2009/2/25,1.05919246,,,
2009/2/26,1.064383672,,,
2009/2/27,1.071553187,,,
2009/3/2,1.087805982,,,
2009/3/3,1.090555854,,,
2009/3/4,1.081855927,,,
2009/3/5,1.096736751,,,
2009/3/6,1,,,
2009/3/9,1.100102815,,,
2009/3/10,1.07968886,,,
2009/3/11,1.077499996,,,
2009/3/12,1.064293531,,,
2009/3/13,1.061704471,,,
2009/3/16,1.062467296,,,
2009/3/17,1.054743666,,,
2009/3/18,1.049131631,,,
2009/3/19,1.052220401,,,
2009/3/20,1.057546332,,,
2009/3/23,1.045552264,,,
2009/3/24,1.048805019,,,
2009/3/25,1.047058613,,,
2009/3/26,1.043689184,,,
2009/3/27,1.046663426,,,
2009/3/30,1.048522879,,,
2009/3/31,1.048023421,,,
2009/4/1,1.046979931,,,
2009/4/2,1.045406118,,,
2009/4/3,1.044871414,,,
2009/4/6,1.045828278,,,
2009/4/7,1.048680286,,,
2009/4/8,1.047358896,,,
2009/4/9,1.042492358,,,
2009/4/10,,,,
2009/4/13,1.042478565,,,
2009/4/14,1.04349877,,,
2009/4/15,1.042866872,,,
2009/4/16,1.041999029,,,
2009/4/17,1.041602498,,,
2009/4/20,1.040995406,,,
2009/4/21,1.041278213,,,
2009/4/22,1.041189698,,,
2009/4/23,1.041331841,,,
2009/4/24,1.041550643,,,
2009/4/27,1.040586498,,,
2009/4/28,1.040266307,,,
2009/4/29,1.042430802,,,
2009/4/30,1.04246581,,,
2009/5/1,1.043014102,,,
2009/5/4,1.044322937,,,
2009/5/5,1.044191539,,,
2009/5/6,1.044859204,,,
2009/5/7,1.044323799,,,
2009/5/8,1.045222596,,,
2009/5/11,1.044258525,,,
2009/5/12,1.044106217,,,
2009/5/13,1.042810765,,,
2009/5/14,1.043251253,,,
2009/5/15,1.04283157,,,
2009/5/18,1.044825609,,,
2009/5/19,1.044740809,,,
2009/5/20,1.044270031,,,
2009/5/21,1.043260427,,,
2009/5/22,1.043110863,,,
2009/5/25,,,,
2009/5/26,1.044535753,,,
2009/5/27,1.043541163,,,
2009/5/28,1.044317008,,,
2009/5/29,1.045303291,,,
2009/6/1,1.046885556,,,
2009/6/2,1.046940814,,,
2009/6/3,1.046112612,,,
2009/6/4,1.046727256,,,
2009/6/5,1.046741106,,,
2009/6/8,1.046573955,,,
2009/6/9,1.046780497,,,
2009/6/10,1.04667773,,,
2009/6/11,1.046858013,,,
2009/6/12,1.046969142,,,
2009/6/15,1.044434867,,,
2009/6/16,1.042939357,,,
2009/6/17,1.042831225,,,
2009/6/18,1.04363694,,,
2009/6/19,1.044043046,,,
2009/6/22,1.039385923,,,
2009/6/23,1.039507145,,,
2009/6/24,1.040839724,,,
2009/6/25,1.044207049,,,
2009/6/26,1.043802185,,,
2009/6/29,1.044822833,,,
2009/6/30,1.043940129,,,
2009/7/1,1.044390639,,,
2009/7/2,1.041414095,,,
2009/7/3,,,,
2009/7/6,1.041398676,,,
2009/7/7,1.038714268,,,
2009/7/8,1.03862012,,,
2009/7/9,1.038887037,,,
2009/7/10,1.038557866,,,
2009/7/13,1.040962071,,,
2009/7/14,1.041522725,,,
2009/7/15,1.044421077,,,
2009/7/16,1.044261237,,,
2009/7/17,1.045349726,,,
2009/7/20,1.046826433,,,
2009/7/21,1.047470265,,,
2009/7/22,1.047441122,,,
2009/7/23,1.05051681,,,
2009/7/24,1.051088947,,,
2009/7/27,1.051842885,,,
2009/7/28,1.05064966,,,
2009/7/29,1.050024898,,,
2009/7/30,1.052685098,,,
2009/7/31,1.053047365,,,
2009/8/3,1.059095124,,,
2009/8/4,1.060049573,,,
2009/8/5,1.058986793,,,
2009/8/6,1.057077469,,,
2009/8/7,1.061903768,,,
2009/8/10,1.061114914,,,
2009/8/11,1.05637549,,,
2009/8/12,1.0604329,,,
2009/8/13,1.063332809,,,
2009/8/14,1.060409531,,,
2009/8/17,1.053025046,,,
2009/8/18,1.055389587,,,
2009/8/19,1.058012083,,,
2009/8/20,1.061097494,,,
2009/8/21,1.066985315,,,
2009/8/24,1.06696125,,,
2009/8/25,1.067442482,,,
2009/8/26,1.067466496,,,
2009/8/27,1.068019041,,,
2009/8/28,1.067971067,,,
2009/8/31,1.065606605,,,
2009/9/1,1.059759061,,,
2009/9/2,1.058759195,,,
2009/9/3,1.06094938,,,
2009/9/4,1.064646989,,,
2009/9/7,,,,
2009/9/8,1.066668613,,,
2009/9/9,1.068471376,,,
2009/9/10,1.070875897,,,
2009/9/11,1.070830878,,,
2009/9/14,1.071798056,,,
2009/9/15,1.072629196,,,
2009/9/16,1.075641253,,,
2009/9/17,1.075343711,,,
2009/9/18,1.075470927,,,
2009/9/21,1.074863663,,,
2009/9/22,1.076260853,,,
2009/9/23,1.074264243,,,
2009/9/24,1.071622398,,,
2009/9/25,1.070346969,,,
2009/9/28,1.074716842,,,
2009/9/29,1.073979212,,,
2009/9/30,1.07303191,,,
2009/10/1,1.066960343,,,
2009/10/2,1.065826137,,,
2009/10/5,1.068575287,,,
2009/10/6,1.071220003,,,
2009/10/7,1.071728731,,,
2009/10/8,1.073146437,,,
2009/10/9,1.074276955,,,
2009/10/12,1.074933782,,,
2009/10/13,1.074590859,,,
2009/10/14,1.077479499,,,
2009/10/15,1.078095152,,,
2009/10/16,1.076836951,,,
2009/10/19,1.078512937,,,
2009/10/20,1.077440042,,,
2009/10/21,1.075619417,,,
2009/10/22,1.077678001,,,
2009/10/23,1.075357804,,,
2009/10/26,1.072977879,,,
2009/10/27,1.071972468,,,
2009/10/28,1.06783318,,,
2009/10/29,1.072516775,,,
2009/10/30,1.066163866,,,
2009/11/2,1.067324703,,,
2009/11/3,1.067825623,,,
2009/11/4,1.068234361,,,
2009/11/5,1.071149704,,,
2009/11/6,1.071566148,,,
2009/11/9,1.074456915,,,
2009/11/10,1.074480141,,,
2009/11/11,1.075130473,,,
2009/11/12,1.073835648,,,
2009/11/13,1.074523923,,,
2009/11/16,1.077203549,,,
2009/11/17,1.07742004,,,
2009/11/18,1.077303577,,,
2009/11/19,1.074889903,,,
2009/11/20,1.074233609,,,
2009/11/23,1.077078662,,,
2009/11/24,1.077423159,,,
2009/11/25,1.078212529,,,
2009/11/26,,,,
2009/11/27,1.074559201,,,
2009/11/30,1.075271006,,,
2009/12/1,1.07788027,,,
2009/12/2,1.07778528,,,
2009/12/3,1.07613191,,,
2009/12/4,1.077336769,,,
2009/12/7,1.076948672,,,
2009/12/8,1.074137488,,,
2009/12/9,1.075082587,,,
2009/12/10,1.076507703,,,
2009/12/11,1.077583403,,,
2009/12/14,1.078999917,,,
2009/12/15,1.078036038,,,
2009/12/16,1.078352335,,,
2009/12/17,1.075862216,,,
2009/12/18,1.07703194,,,
2009/12/21,1.078687158,,,
2009/12/22,1.079273262,,,
2009/12/23,1.079594627,,,
2009/12/24,1.080367569,,,
2009/12/25,,,,
2009/12/28,1.080676738,,,
2009/12/29,1.080471,,,
2009/12/30,1.080419501,,,
2009/12/31,1.079028658,,,
2010/1/1,,,,
2010/1/4,1.081402777,,,
2010/1/5,1.081774147,,,
2010/1/6,1.081872954,,,
2010/1/7,1.082465431,,,
2010/1/8,1.082932751,,,
2010/1/11,1.083128697,,,
2010/1/12,1.08181993,,,
2010/1/13,1.083003772,,,
2010/1/14,1.083383265,,,
2010/1/15,1.08180778,,,
2010/1/18,,,,
2010/1/19,1.083810635,,,
2010/1/20,1.082177745,,,
2010/1/21,1.079094553,,,
2010/1/22,1.075530468,,,
2010/1/25,1.076224538,,,
2010/1/26,1.075656951,,,
2010/1/27,1.076300938,,,
2010/1/28,1.074746976,,,
2010/1/29,1.073276917,,,
2010/2/1,1.074820263,,,
2010/2/2,1.0760232,,,
2010/2/3,1.07552742,,,
2010/2/4,1.072457697,,,
2010/2/5,1.072662671,,,
2010/2/8,1.072016074,,,
2010/2/9,1.073140362,,,
2010/2/10,1.072964862,,,
2010/2/11,1.073902546,,,
2010/2/12,1.073827914,,,
2010/2/15,,,,
2010/2/16,1.074348227,,,
2010/2/17,1.074504994,,,
2010/2/18,1.074700056,,,
2010/2/19,1.074768684,,,
2010/2/22,1.074773495,,,
2010/2/23,1.074448865,,,
2010/2/24,1.074694648,,,
2010/2/25,1.074658469,,,
2010/2/26,1.074675375,,,
2010/3/1,1.075319532,,,
2010/3/2,1.075491491,,,
2010/3/3,1.075546821,,,
2010/3/4,1.075734772,,,
2010/3/5,1.076622253,,,
2010/3/8,1.076636764,,,
2010/3/9,1.076774615,,,
2010/3/10,1.077144067,,,
2010/3/11,1.077490357,,,
2010/3/12,1.077497546,,,
2010/3/15,1.077517268,,,
2010/3/16,1.078121962,,,
2010/3/17,1.078572144,,,
2010/3/18,1.078533213,,,
2010/3/19,1.078148618,,,
2010/3/22,1.078524182,,,
2010/3/23,1.079018435,,,
2010/3/24,1.078677111,,,
2010/3/25,1.078562822,,,
2010/3/26,1.07852065,,,
2010/3/29,1.079157705,,,
2010/3/30,1.079226184,,,
2010/3/31,1.078884009,,,
2010/4/1,1.07957048,,,
2010/4/2,,,,
2010/4/5,1.080653728,,,
2010/4/6,1.080967435,,,
2010/4/7,1.080207143,,,
2010/4/8,1.080667859,,,
2010/4/9,1.081541705,,,
2010/4/12,1.081738893,,,
2010/4/13,1.081832174,,,
2010/4/14,1.083240749,,,
2010/4/15,1.08334329,,,
2010/4/16,1.081365661,,,
2010/4/19,1.081750654,,,
2010/4/20,1.082662974,,,
2010/4/21,1.082476903,,,
2010/4/22,1.082781889,,,
2010/4/23,1.083449373,,,
2010/4/26,1.083043115,,,
2010/4/27,1.080499774,,,
2010/4/28,1.081314735,,,
2010/4/29,1.082645804,,,
2010/4/30,1.08082243,,,
2010/5/3,1.0822182,,,
2010/5/4,1.079682797,,,
2010/5/5,1.07904207,,,
2010/5/6,1.075471446,,,
2010/5/7,1.073877579,,,
2010/5/10,1.078108495,,,
2010/5/11,1.0778345,,,
2010/5/12,1.07918305,,,
2010/5/13,1.077982951,,,
2010/5/14,1.076236997,,,
2010/5/17,1.076263184,,,
2010/5/18,1.075586998,,,
2010/5/19,1.075304126,,,
2010/5/20,1.073428747,,,
2010/5/21,1.074152573,,,
2010/5/24,1.073530813,,,
2010/5/25,1.073580273,,,
2010/5/26,1.0732883,,,
2010/5/27,1.074910225,,,
2010/5/28,1.074301675,,,
2010/5/31,,,,
2010/6/1,1.074707999,,,
2010/6/2,1.074078862,,,
2010/6/3,1.073995695,,,
2010/6/4,1.074844076,,,
2010/6/7,1.075215402,,,
2010/6/8,1.074895826,,,
2010/6/9,1.075055271,,,
2010/6/10,1.074183323,,,
2010/6/11,1.074038599,,,
2010/6/14,1.07411378,,,
2010/6/15,1.073010804,,,
2010/6/16,1.073028111,,,
2010/6/17,1.072950201,,,
2010/6/18,1.072897663,,,
2010/6/21,1.07298445,,,
2010/6/22,1.073484948,,,
2010/6/23,1.073579027,,,
2010/6/24,1.07408147,,,
2010/6/25,1.073954388,,,
2010/6/28,1.073840097,,,
2010/6/29,1.072720689,,,
2010/6/30,1.072376615,,,
2010/7/1,1.072215261,,,
2010/7/2,1.072017977,,,
2010/7/5,,,,
2010/7/6,1.072050389,,,
2010/7/7,1.072206112,,,
2010/7/8,1.072255044,,,
2010/7/9,1.072291961,,,
2010/7/12,1.072277876,,,
2010/7/13,1.071950119,,,
2010/7/14,1.0719521,,,
2010/7/15,1.071946159,,,
2010/7/16,1.072544091,,,
2010/7/19,1.072560983,,,
2010/7/20,1.072592701,,,
2010/7/21,1.07255553,,,
2010/7/22,1.072619364,,,
2010/7/23,1.072644185,,,
2010/7/26,1.072602324,,,
2010/7/27,1.072602684,,,
2010/7/28,1.072628624,,,
2010/7/29,1.072648206,,,
2010/7/30,1.072648935,,,
2010/8/2,1.072667052,,,
2010/8/3,1.07266321,,,
2010/8/4,1.072668572,,,
2010/8/5,1.07266772,,,
2010/8/6,1.072664449,,,
2010/8/9,1.072597363,,,
2010/8/10,1.072665201,,,
2010/8/11,1.073009611,,,
2010/8/12,1.073086667,,,
2010/8/13,1.0731237,,,
2010/8/16,1.07312997,,,
2010/8/17,1.072963099,,,
2010/8/18,1.072938314,,,
2010/8/19,1.073174575,,,
2010/8/20,1.073218645,,,
2010/8/23,1.073443603,,,
2010/8/24,1.074319539,,,
2010/8/25,1.074090078,,,
2010/8/26,1.074485812,,,
2010/8/27,1.073570828,,,
2010/8/30,1.074675227,,,
2010/8/31,1.074675227,,,
2010/9/1,1.072395429,,,
2010/9/2,1.071687181,,,
2010/9/3,1.070701267,,,
2010/9/6,,,,
2010/9/7,1.071933802,,,
2010/9/8,1.071165017,,,
2010/9/9,1.070659742,,,
2010/9/10,1.070107733,,,
2010/9/13,1.069167915,,,
2010/9/14,1.069220339,,,
2010/9/15,1.068898086,,,
2010/9/16,1.068920475,,,
2010/9/17,1.068888955,,,
2010/9/20,1.067919164,,,
2010/9/21,1.068046774,,,
2010/9/22,1.068358149,,,
2010/9/23,1.068872365,,,
2010/9/24,1.067564411,,,
2010/9/27,1.067774744,,,
2010/9/28,1.067621009,,,
2010/9/29,1.067697596,,,
2010/9/30,1.067828034,,,
2010/10/1,1.067643316,,,
2010/10/4,1.067709408,,,
2010/10/5,1.067532076,,,
2010/10/6,1.067532836,,,
2010/10/7,1.067543462,,,
2010/10/8,1.067494065,,,
2010/10/11,1.067507091,,,
2010/10/12,1.067549682,,,
2010/10/13,1.067657015,,,
2010/10/14,1.067603172,,,
2010/10/15,1.067631372,,,
2010/10/18,1.067939059,,,
2010/10/19,1.067120593,,,
2010/10/20,1.067730089,,,
2010/10/21,1.067867828,,,
2010/10/22,1.067984138,,,
2010/10/25,1.068295168,,,
2010/10/26,1.068312897,,,
2010/10/27,1.068011598,,,
2010/10/28,1.068029371,,,
2010/10/29,1.068109317,,,
2010/11/1,1.068145327,,,
2010/11/2,1.068991267,,,
2010/11/3,1.069420173,,,
2010/11/4,1.071476867,,,
2010/11/5,1.071879458,,,
2010/11/8,1.071646775,,,
2010/11/9,1.070755042,,,
2010/11/10,1.071254751,,,
2010/11/11,1.0707873,,,
2010/11/12,1.069319076,,,
2010/11/15,1.069162562,,,
2010/11/16,1.067438711,,,
2010/11/17,1.067494805,,,
2010/11/18,1.069120836,,,
2010/11/19,1.069425214,,,
2010/11/22,1.069327688,,,
2010/11/23,1.067629458,,,
2010/11/24,1.06935978,,,
2010/11/25,,,,
2010/11/26,1.067993471,,,
2010/11/29,1.068468956,,,
2010/11/30,1.0675863,,,
2010/12/1,1.070922132,,,
2010/12/2,1.072937472,,,
2010/12/3,1.07336192,,,
2010/12/6,1.073210384,,,
2010/12/7,1.073292056,,,
2010/12/8,1.073816834,,,
2010/12/9,1.074374834,,,
2010/12/10,1.075209017,,,
2010/12/13,1.075298021,,,
2010/12/14,1.075420342,,,
2010/12/15,1.074786989,,,
2010/12/16,1.075590217,,,
2010/12/17,1.075738624,,,
2010/12/20,1.076113035,,,
2010/12/21,1.07709697,,,
2010/12/22,1.07758009,,,
2010/12/23,1.077357703,,,
2010/12/24,,,,
2010/12/27,1.077411775,,,
2010/12/28,1.077606356,,,
2010/12/29,1.077703521,,,
2010/12/30,1.077487728,,,
2010/12/31,1.077520141,,,
2011/1/3,1.078942793,,,
2011/1/4,1.078866873,,,
2011/1/5,1.079583034,,,
2011/1/6,1.079312983,,,
2011/1/7,1.079042469,,,
2011/1/10,1.078849332,,,
2011/1/11,1.079393128,,,
2011/1/12,1.080778633,,,
2011/1/13,1.080527561,,,
2011/1/14,1.081640984,,,
2011/1/17,,,,
2011/1/18,1.08195673,,,
2011/1/19,1.080136582,,,
2011/1/20,1.079890944,,,
2011/1/21,1.080310429,,,
2011/1/24,1.081569047,,,
2011/1/25,1.081689179,,,
2011/1/26,1.082546987,,,
2011/1/27,1.083094315,,,
2011/1/28,1.079219394,,,
2011/1/31,1.080880111,,,
2011/2/1,1.084422646,,,
2011/2/2,1.083998118,,,
2011/2/3,1.084491311,,,
2011/2/4,1.085119454,,,
2011/2/7,1.086292558,,,
2011/2/8,1.087146518,,,
2011/2/9,1.086721136,,,
2011/2/10,1.08679217,,,
2011/2/11,1.087914071,,,
2011/2/14,1.088352558,,,
2011/2/15,1.08777818,,,
2011/2/16,1.088929976,,,
2011/2/17,1.08947557,,,
2011/2/18,1.089856542,,,
2011/2/21,,,,
2011/2/22,1.086209915,,,
2011/2/23,1.085097257,,,
2011/2/24,1.084972976,,,
2011/2/25,1.086907118,,,
2011/2/28,1.087995018,,,
2011/3/1,1.085064908,,,
2011/3/2,1.085439744,,,
2011/3/3,1.088459634,,,
2011/3/4,1.087142368,,,
2011/3/7,1.08591368,,,
2011/3/8,1.087281528,,,
2011/3/9,1.087057212,,,
2011/3/10,1.084161212,,,
2011/3/11,1.085242214,,,
2011/3/14,1.084377127,,,
2011/3/15,1.082736883,,,
2011/3/16,1.080090556,,,
2011/3/17,1.081977833,,,
2011/3/18,1.082497391,,,
2011/3/21,1.084359525,,,
2011/3/22,1.083942045,,,
2011/3/23,1.084286368,,,
2011/3/24,1.085437352,,,
2011/3/25,1.085805522,,,
2011/3/28,1.085568021,,,
2011/3/29,1.08622259,,,
2011/3/30,1.086895361,,,
2011/3/31,1.08676311,,,
2011/4/1,1.087175046,,,
2011/4/4,1.087272735,,,
2011/4/5,1.087254996,,,
2011/4/6,1.087627765,,,
2011/4/7,1.087326847,,,
2011/4/8,1.086918786,,,
2011/4/11,1.086600945,,,
2011/4/12,1.085812127,,,
2011/4/13,1.085804109,,,
2011/4/14,1.085884327,,,
2011/4/15,1.086269141,,,
2011/4/18,1.084849787,,,
2011/4/19,1.08557626,,,
2011/4/20,1.087301367,,,
2011/4/21,1.087948919,,,
2011/4/22,,,,
2011/4/25,1.087828755,,,
2011/4/26,1.08881674,,,
2011/4/27,1.089567002,,,
2011/4/28,1.089939957,,,
2011/4/29,1.090210404,,,
2011/5/2,1.090006563,,,
2011/5/3,1.089530265,,,
2011/5/4,1.088652673,,,
2011/5/5,1.087456063,,,
2011/5/6,1.088039389,,,
2011/5/9,1.088519541,,,
2011/5/10,1.089577771,,,
2011/5/11,1.088271755,,,
2011/5/12,1.088861777,,,
2011/5/13,1.087907007,,,
2011/5/16,1.087272645,,,
2011/5/17,1.087257629,,,
2011/5/18,1.088151015,,,
2011/5/19,1.088389316,,,
2011/5/20,1.087594206,,,
2011/5/23,1.086615076,,,
2011/5/24,1.086544837,,,
2011/5/25,1.086826009,,,
2011/5/26,1.08721462,,,
2011/5/27,1.087538146,,,
2011/5/30,,,,
2011/5/31,1.088281255,,,
2011/6/1,1.08667698,,,
2011/6/2,1.086601263,,,
2011/6/3,1.085892073,,,
2011/6/6,1.085228113,,,
2011/6/7,1.085189242,,,
2011/6/8,1.084926657,,,
2011/6/9,1.085405078,,,
2011/6/10,1.084532615,,,
2011/6/13,1.084558013,,,
2011/6/14,1.084969172,,,
2011/6/15,1.084392524,,,
2011/6/16,1.084463959,,,
2011/6/17,1.084560666,,,
2011/6/20,1.084592984,,,
2011/6/21,1.084679553,,,
2011/6/22,1.084641487,,,
2011/6/23,1.084623321,,,
2011/6/24,1.084549955,,,
2011/6/27,1.084536374,,,
2011/6/28,1.084516481,,,
2011/6/29,1.084503429,,,
2011/6/30,1.084488856,,,
2011/7/1,1.084466337,,,
2011/7/4,,,,
2011/7/5,1.084464861,,,
2011/7/6,1.08446701,,,
2011/7/7,1.084485655,,,
2011/7/8,1.08447291,,,
2011/7/11,1.084132113,,,
2011/7/12,1.084050726,,,
2011/7/13,1.084113818,,,
2011/7/14,1.083983759,,,
2011/7/15,1.084093123,,,
2011/7/18,1.08396022,,,
2011/7/19,1.084223227,,,
2011/7/20,1.084213458,,,
2011/7/21,1.084438272,,,
2011/7/22,1.08444912,,,
2011/7/25,1.084413951,,,
2011/7/26,1.084390375,,,
2011/7/27,1.084261169,,,
2011/7/28,1.08424281,,,
2011/7/29,1.084199687,,,
2011/8/1,1.084086055,,,
2011/8/2,1.0834035,,,
2011/8/3,1.083548183,,,
2011/8/4,1.082297332,,,
2011/8/5,1.082257409,,,
2011/8/8,1.08290552,,,
2011/8/9,1.08244248,,,
2011/8/10,1.082882215,,,
2011/8/11,1.08243527,,,
2011/8/12,1.082368251,,,
2011/8/15,1.080949503,,,
2011/8/16,1.081521165,,,
2011/8/17,1.081476358,,,
2011/8/18,1.08436434,,,
2011/8/19,1.085461039,,,
2011/8/22,1.085389963,,,
2011/8/23,1.082462731,,,
2011/8/24,1.08121336,,,
2011/8/25,1.082564018,,,
2011/8/26,1.081274661,,,
2011/8/29,1.077551063,,,
2011/8/30,1.077210567,,,
2011/8/31,1.076637673,,,
2011/9/1,1.077988923,,,
2011/9/2,1.081289594,,,
2011/9/5,,,,
2011/9/6,1.082049923,,,
2011/9/7,1.079108868,,,
2011/9/8,1.080189397,,,
2011/9/9,1.082917445,,,
2011/9/12,1.082337619,,,
2011/9/13,1.081516159,,,
2011/9/14,1.080277086,,,
2011/9/15,1.0787343,,,
2011/9/16,1.078205942,,,
2011/9/19,1.079198618,,,
2011/9/20,1.079314734,,,
2011/9/21,1.082254577,,,
2011/9/22,1.085489237,,,
2011/9/23,1.084884504,,,
2011/9/26,1.082559672,,,
2011/9/27,1.081468646,,,
2011/9/28,1.083458558,,,
2011/9/29,1.082686903,,,
2011/9/30,1.085124993,,,
2011/10/3,1.089306138,,,
2011/10/4,1.086072704,,,
2011/10/5,1.083349989,,,
2011/10/6,1.080696296,,,
2011/10/7,1.081676062,,,
2011/10/10,1.076294968,,,
2011/10/11,1.076134322,,,
2011/10/12,1.074730229,,,
2011/10/13,1.075047955,,,
2011/10/14,1.072314547,,,
2011/10/17,1.074505316,,,
2011/10/18,1.07225778,,,
2011/10/19,1.073615132,,,
2011/10/20,1.073112417,,,
2011/10/21,1.070931936,,,
2011/10/24,1.070118328,,,
2011/10/25,1.071407583,,,
2011/10/26,1.070733195,,,
2011/10/27,1.068422061,,,
2011/10/28,1.0684375,,,
2011/10/31,1.06963687,,,
2011/11/1,1.071026001,,,
2011/11/2,1.070212467,,,
2011/11/3,1.069304073,,,
2011/11/4,1.06960777,,,
2011/11/7,1.069642242,,,
2011/11/8,1.069713399,,,
2011/11/9,1.06950869,,,
2011/11/10,1.069560918,,,
2011/11/11,1.069665297,,,
2011/11/14,1.0695216,,,
2011/11/15,1.069596543,,,
2011/11/16,1.069355963,,,
2011/11/17,1.069115225,,,
2011/11/18,1.069099087,,,
2011/11/21,1.069091505,,,
2011/11/22,1.069089939,,,
2011/11/23,1.069081144,,,
2011/11/24,,,,
2011/11/25,1.069080392,,,
2011/11/28,1.067851238,,,
2011/11/29,1.067730857,,,
2011/11/30,1.06598696,,,
2011/12/1,1.065993729,,,
2011/12/2,1.066030971,,,
2011/12/5,1.064854726,,,
2011/12/6,1.064820541,,,
2011/12/7,1.064419007,,,
2011/12/8,1.066784335,,,
2011/12/9,1.064953441,,,
2011/12/12,1.065289876,,,
2011/12/13,1.065505185,,,
2011/12/14,1.065750678,,,
2011/12/15,1.065667316,,,
2011/12/16,1.065633123,,,
2011/12/19,1.066062514,,,
2011/12/20,1.064846733,,,
2011/12/21,1.064769016,,,
2011/12/22,1.064413523,,,
2011/12/23,1.064054862,,,
2011/12/26,,,,
2011/12/27,1.064016892,,,
2011/12/28,1.064646694,,,
2011/12/29,1.064150466,,,
2011/12/30,1.064386414,,,
2012/1/2,,,,
2012/1/3,1.064994007,,,
2012/1/4,1.065053847,,,
2012/1/5,1.065155421,,,
2012/1/6,1.065057088,,,
2012/1/9,1.065357489,,,
2012/1/10,1.0664308,,,
2012/1/11,1.066497965,,,
2012/1/12,1.066795296,,,
2012/1/13,1.066154033,,,
2012/1/16,,,,
2012/1/17,1.066566156,,,
2012/1/18,1.067740732,,,
2012/1/19,1.068301904,,,
2012/1/20,1.068698525,,,
2012/1/23,1.068286179,,,
2012/1/24,1.068103868,,,
2012/1/25,1.069442157,,,
2012/1/26,1.068620691,,,
2012/1/27,1.068547892,,,
2012/1/30,1.068098153,,,
2012/1/31,1.068048046,,,
2012/2/1,1.069201177,,,
2012/2/2,1.069410139,,,
2012/2/3,1.07125845,,,
2012/2/6,1.071172204,,,
2012/2/7,1.071498227,,,
2012/2/8,1.071880945,,,
2012/2/9,1.072043172,,,
2012/2/10,1.071089942,,,
2012/2/13,1.072290807,,,
2012/2/14,1.072087943,,,
2012/2/15,1.071335337,,,
2012/2/16,1.073122382,,,
2012/2/17,1.073550134,,,
2012/2/20,,,,
2012/2/21,1.073614762,,,
2012/2/22,1.073140991,,,
2012/2/23,1.073788848,,,
2012/2/24,1.074111532,,,
2012/2/27,1.074441507,,,
2012/2/28,1.075014554,,,
2012/2/29,1.074242776,,,
2012/3/1,1.075260789,,,
2012/3/2,1.074661115,,,
2012/3/5,1.073764876,,,
2012/3/6,1.070553582,,,
2012/3/7,1.072080714,,,
2012/3/8,1.074261832,,,
2012/3/9,1.075111439,,,
2012/3/12,1.075124626,,,
2012/3/13,1.078396458,,,
2012/3/14,1.078201484,,,
2012/3/15,1.079255317,,,
2012/3/16,1.079507615,,,
2012/3/19,1.080099498,,,
2012/3/20,1.079659756,,,
2012/3/21,1.07941246,,,
2012/3/22,1.078324939,,,
2012/3/23,1.078812494,,,
2012/3/26,1.08106158,,,
2012/3/27,1.080562632,,,
2012/3/28,1.079766753,,,
2012/3/29,1.079492714,,,
2012/3/30,1.080155926,,,
2012/4/2,1.081158332,,,
2012/4/3,1.080597447,,,
2012/4/4,1.079238742,,,
2012/4/5,1.079170205,,,
2012/4/6,,,,
2012/4/9,1.07757364,,,
2012/4/10,1.075191097,,,
2012/4/11,1.076337498,,,
2012/4/12,1.078189983,,,
2012/4/13,1.076501507,,,
2012/4/16,1.076418198,,,
2012/4/17,1.07829846,,,
2012/4/18,1.077868732,,,
2012/4/19,1.07705256,,,
2012/4/20,1.077264679,,,
2012/4/23,1.076077113,,,
2012/4/24,1.076613395,,,
2012/4/25,1.078545872,,,
2012/4/26,1.079531245,,,
2012/4/27,1.079763479,,,
2012/4/30,1.07909865,,,
2012/5/1,1.080214413,,,
2012/5/2,1.079678553,,,
2012/5/3,1.078309967,,,
2012/5/4,1.075413679,,,
2012/5/7,1.075511199,,,
2012/5/8,1.074975209,,,
2012/5/9,1.074183066,,,
2012/5/10,1.074458324,,,
2012/5/11,1.074055989,,,
2012/5/14,1.072693278,,,
2012/5/15,1.071986823,,,
2012/5/16,1.071516527,,,
2012/5/17,1.069693696,,,
2012/5/18,1.06864356,,,
2012/5/21,1.070686283,,,
2012/5/22,1.0708938,,,
2012/5/23,1.070956867,,,
2012/5/24,1.071190978,,,
2012/5/25,1.070804468,,,
2012/5/28,,,,
2012/5/29,1.071509983,,,
2012/5/30,1.070664221,,,
2012/5/31,1.070536035,,,
2012/6/1,1.069069869,,,
2012/6/4,1.069043447,,,
2012/6/5,1.069470812,,,
2012/6/6,1.0707394,,,
2012/6/7,1.070773668,,,
2012/6/8,1.071223168,,,
2012/6/11,1.070989935,,,
2012/6/12,1.071200959,,,
2012/6/13,1.071083498,,,
2012/6/14,1.071278189,,,
2012/6/15,1.071466061,,,
2012/6/18,1.071518392,,,
2012/6/19,1.071779561,,,
2012/6/20,1.071735776,,,
2012/6/21,1.071129791,,,
2012/6/22,1.071337665,,,
2012/6/25,1.070885339,,,
2012/6/26,1.071027053,,,
2012/6/27,1.071281327,,,
2012/6/28,1.071200836,,,
2012/6/29,1.071903906,,,
2012/7/2,1.071970848,,,
2012/7/3,1.07211737,,,
2012/7/4,,,,
2012/7/5,1.07201708,,,
2012/7/6,1.071805866,,,
2012/7/9,1.071788913,,,
2012/7/10,1.071671092,,,
2012/7/11,1.071673107,,,
2012/7/12,1.07160765,,,
2012/7/13,1.071834304,,,
2012/7/16,1.071783898,,,
2012/7/17,1.071930727,,,
2012/7/18,1.072089118,,,
2012/7/19,1.072145168,,,
2012/7/20,1.071949497,,,
2012/7/23,1.071903725,,,
2012/7/24,1.071864857,,,
2012/7/25,1.071865872,,,
2012/7/26,1.071940542,,,
2012/7/27,1.072023978,,,
2012/7/30,1.072023978,,,
2012/7/31,1.071984675,,,
2012/8/1,1.071979779,,,
2012/8/2,1.071940983,,,
2012/8/3,1.072052419,,,
2012/8/6,1.072092438,,,
2012/8/7,1.072196001,,,
2012/8/8,1.072221028,,,
2012/8/9,1.072238673,,,
2012/8/10,1.072272465,,,
2012/8/13,1.072266775,,,
2012/8/14,1.072268401,,,
2012/8/15,1.072281412,,,
2012/8/16,1.072365886,,,
2012/8/17,1.072381206,,,
2012/8/20,1.072382203,,,
2012/8/21,1.072339342,,,
2012/8/22,1.072345342,,,
2012/8/23,1.072229422,,,
2012/8/24,1.072315053,,,
2012/8/27,1.07231914,,,
2012/8/28,1.072300073,,,
2012/8/29,1.072315069,,,
2012/8/30,1.072176126,,,
2012/8/31,1.072268044,,,
2012/9/3,,,,
2012/9/4,1.072253912,,,
2012/9/5,1.072240856,,,
2012/9/6,1.072552296,,,
2012/9/7,1.072612081,,,
2012/9/10,1.072398913,,,
2012/9/11,1.072503472,,,
2012/9/12,1.072628603,,,
2012/9/13,1.073200282,,,
2012/9/14,1.073366743,,,
2012/9/17,1.073194002,,,
2012/9/18,1.073152405,,,
2012/9/19,1.073180156,,,
2012/9/20,1.073183626,,,
2012/9/21,1.073162364,,,
2012/9/24,1.073055913,,,
2012/9/25,1.072304864,,,
2012/9/26,1.071908427,,,
2012/9/27,1.072572637,,,
2012/9/28,1.072245869,,,
2012/10/1,1.072393595,,,
2012/10/2,1.072451759,,,
2012/10/3,1.072680321,,,
2012/10/4,1.073081664,,,
2012/10/5,1.073085494,,,
2012/10/8,1.072831761,,,
2012/10/9,1.072098673,,,
2012/10/10,1.071625959,,,
2012/10/11,1.071667312,,,
2012/10/12,1.071424498,,,
2012/10/15,1.072327863,,,
2012/10/16,1.073427958,,,
2012/10/17,1.073920783,,,
2012/10/18,1.073638196,,,
2012/10/19,1.071826838,,,
2012/10/22,1.071842093,,,
2012/10/23,1.070324686,,,
2012/10/24,1.070015831,,,
2012/10/25,1.07033321,,,
2012/10/26,1.070271452,,,
2012/10/29,,,,
2012/10/30,,,,
2012/10/31,1.070271452,,,
2012/11/1,1.071457242,,,
2012/11/2,1.070449128,,,
2012/11/5,1.070666909,,,
2012/11/6,1.071498926,,,
2012/11/7,1.069087315,,,
2012/11/8,1.067810729,,,
2012/11/9,1.067902921,,,
2012/11/12,1.067975325,,,
2012/11/13,1.067659605,,,
2012/11/14,1.066432319,,,
2012/11/15,1.066278661,,,
2012/11/16,1.066726975,,,
2012/11/19,1.067531534,,,
2012/11/20,1.06754869,,,
2012/11/21,1.067623001,,,
2012/11/22,,,,
2012/11/23,1.068165087,,,
2012/11/26,1.0680704,,,
2012/11/27,1.067842689,,,
2012/11/28,1.068201826,,,
2012/11/29,1.068409978,,,
2012/11/30,1.068419397,,,
2012/12/3,1.068180897,,,
2012/12/4,1.068112434,,,
2012/12/5,1.06819813,,,
2012/12/6,1.068362389,,,
2012/12/7,1.068509067,,,
2012/12/10,1.068533962,,,
2012/12/11,1.06893628,,,
2012/12/12,1.068965124,,,
2012/12/13,1.068602638,,,
2012/12/14,1.068383049,,,
2012/12/17,1.069088542,,,
2012/12/18,1.069757051,,,
2012/12/19,1.069310491,,,
2012/12/20,1.069656105,,,
2012/12/21,1.06911055,,,
2012/12/24,1.068893936,,,
2012/12/25,,,,
2012/12/26,1.068597689,,,
2012/12/27,1.068503506,,,
2012/12/28,1.067744145,,,
2012/12/31,1.068703176,,,
2013/1/1,,,,
2013/1/2,1.070150672,,,
2013/1/3,1.0700229,,,
2013/1/4,1.070271232,,,
2013/1/7,1.070162004,,,
2013/1/8,1.070047012,,,
2013/1/9,1.070148595,,,
2013/1/10,1.070466301,,,
2013/1/11,1.070463584,,,
2013/1/14,1.070425407,,,
2013/1/15,1.070463609,,,
2013/1/16,1.070455972,,,
2013/1/17,1.070818684,,,
2013/1/18,1.070943913,,,
2013/1/21,,,,
2013/1/22,1.071240464,,,
2013/1/23,1.071328973,,,
2013/1/24,1.071343706,,,
2013/1/25,1.071652947,,,
2013/1/28,1.071574044,,,
2013/1/29,1.071832971,,,
2013/1/30,1.071574995,,,
2013/1/31,1.071412611,,,
2013/2/1,1.072090032,,,
2013/2/4,1.071183405,,,
2013/2/5,1.071997168,,,
2013/2/6,1.072055901,,,
2013/2/7,1.071949189,,,
2013/2/8,1.072397935,,,
2013/2/11,1.072383701,,,
2013/2/12,1.07250235,,,
2013/2/13,1.072563948,,,
2013/2/14,1.072630237,,,
2013/2/15,1.072545085,,,
2013/2/18,,,,
2013/2/19,1.072978747,,,
2013/2/20,1.072257284,,,
2013/2/21,1.071905625,,,
2013/2/22,1.072470768,,,
2013/2/25,1.071374742,,,
2013/2/26,1.071768676,,,
2013/2/27,1.072493914,,,
2013/2/28,1.072380151,,,
2013/3/1,1.072570109,,,
2013/3/4,1.072866891,,,
2013/3/5,1.073366336,,,
2013/3/6,1.073442252,,,
2013/3/7,1.073543339,,,
2013/3/8,1.073781207,,,
2013/3/11,1.074022746,,,
2013/3/12,1.073879967,,,
2013/3/13,1.073969902,,,
2013/3/14,1.074308753,,,
2013/3/15,1.074224699,,,
2013/3/18,1.073712577,,,
2013/3/19,1.073497112,,,
2013/3/20,1.07414488,,,
2013/3/21,1.073352222,,,
2013/3/22,1.074097061,,,
2013/3/25,1.073723849,,,
2013/3/26,1.074438553,,,
2013/3/27,1.074438553,,,
2013/3/28,1.074713196,,,
2013/3/29,,,,
2013/4/1,1.074270459,,,
2013/4/2,1.074822274,,,
2013/4/3,1.073687824,,,
2013/4/4,1.074141448,,,
2013/4/5,1.073639252,,,
2013/4/8,1.074454675,,,
2013/4/9,1.074871526,,,
2013/4/10,1.076349149,,,
2013/4/11,1.076745042,,,
2013/4/12,1.076448986,,,
2013/4/15,1.073321671,,,
2013/4/16,1.075308128,,,
2013/4/17,1.073338388,,,
2013/4/18,1.072496898,,,
2013/4/19,1.073665763,,,
2013/4/22,1.074407821,,,
2013/4/23,1.07613283,,,
2013/4/24,1.076239056,,,
2013/4/25,1.076918502,,,
2013/4/26,1.076622259,,,
2013/4/29,1.077478675,,,
2013/4/30,1.077783884,,,
2013/5/1,1.076661762,,,
2013/5/2,1.07784918,,,
2013/5/3,1.079147147,,,
2013/5/6,1.079497377,,,
2013/5/7,1.08019629,,,
2013/5/8,1.080824227,,,
2013/5/9,1.080435432,,,
2013/5/10,1.080884503,,,
2013/5/13,1.081001251,,,
2013/5/14,1.082518043,,,
2013/5/15,1.083309766,,,
2013/5/16,1.08261911,,,
2013/5/17,1.084041623,,,
2013/5/20,1.084032131,,,
2013/5/21,1.084259745,,,
2013/5/22,1.083085199,,,
2013/5/23,1.082627641,,,
2013/5/24,1.082493855,,,
2013/5/27,,,,
2013/5/28,1.083533247,,,
2013/5/29,1.082405037,,,
2013/5/30,1.083045764,,,
2013/5/31,1.080553599,,,
2013/6/3,1.081494305,,,
2013/6/4,1.08067238,,,
2013/6/5,1.078280184,,,
2013/6/6,1.079823568,,,
2013/6/7,1.081995282,,,
2013/6/10,1.081995282,,,
2013/6/11,1.080582827,,,
2013/6/12,1.079450952,,,
2013/6/13,1.081528511,,,
2013/6/14,1.080670012,,,
2013/6/17,1.08160452,,,
2013/6/18,1.082562128,,,
2013/6/19,1.080887011,,,
2013/6/20,1.077887618,,,
2013/6/21,1.078275136,,,
2013/6/24,1.076868455,,,
2013/6/25,1.077937346,,,
2013/6/26,1.079039204,,,
2013/6/27,1.079693122,,,
2013/6/28,1.07923639,,,
2013/7/1,1.079686281,,,
2013/7/2,1.079614882,,,
2013/7/3,1.079648228,,,
2013/7/4,,,,
2013/7/5,1.08047688,,,
2013/7/8,1.080952733,,,
2013/7/9,1.081553351,,,
2013/7/10,1.081583688,,,
2013/7/11,1.082720993,,,
2013/7/12,1.082755933,,,
2013/7/15,1.083103434,,,
2013/7/16,1.08276256,,,
2013/7/17,1.082996022,,,
2013/7/18,1.083494355,,,
2013/7/19,1.083656046,,,
2013/7/22,1.083886245,,,
2013/7/23,1.083635556,,,
2013/7/24,1.083202998,,,
2013/7/25,1.083489976,,,
2013/7/26,1.083615703,,,
2013/7/29,1.083196758,,,
2013/7/30,1.083196758,,,
2013/7/31,1.083293706,,,
2013/8/1,1.084867991,,,
2013/8/2,1.085099772,,,
2013/8/5,1.084931648,,,
2013/8/6,1.084278474,,,
2013/8/7,1.083906223,,,
2013/8/8,1.084327075,,,
2013/8/9,1.083995554,,,
2013/8/12,1.0838678,,,
2013/8/13,1.08418753,,,
2013/8/14,1.08363268,,,
2013/8/15,1.082120574,,,
2013/8/16,1.081763675,,,
2013/8/19,1.081096456,,,
2013/8/20,1.081609275,,,
2013/8/21,1.080966353,,,
2013/8/22,1.081917118,,,
2013/8/23,1.082269172,,,
2013/8/26,1.081977522,,,
2013/8/27,1.080717188,,,
2013/8/28,1.080995121,,,
2013/8/29,1.0811193,,,
2013/8/30,1.0808713,,,
2013/9/2,,,,
2013/9/3,1.081200689,,,
2013/9/4,1.081803506,,,
2013/9/5,1.081895879,,,
2013/9/6,1.08193102,,,
2013/9/9,1.08242497,,,
2013/9/10,1.082806703,,,
2013/9/11,1.082968723,,,
2013/9/12,1.08283157,,,
2013/9/13,1.082947685,,,
2013/9/16,1.083414902,,,
2013/9/17,1.083775311,,,
2013/9/18,1.084710396,,,
2013/9/19,1.084574885,,,
2013/9/20,1.084009624,,,
2013/9/23,1.08358208,,,
2013/9/24,1.083364687,,,
2013/9/25,1.083097799,,,
2013/9/26,1.083452774,,,
2013/9/27,1.083028304,,,
2013/9/30,1.08254154,,,
2013/10/1,1.08326439,,,
2013/10/2,1.083178054,,,
2013/10/3,1.082335571,,,
2013/10/4,1.083027287,,,
2013/10/7,1.082535723,,,
2013/10/8,1.081873761,,,
2013/10/9,1.081914955,,,
2013/10/10,1.083139544,,,
2013/10/11,1.083505961,,,
2013/10/14,1.083638762,,,
2013/10/15,1.083397532,,,
2013/10/16,1.083861857,,,
2013/10/17,1.084084153,,,
2013/10/18,1.084308861,,,
2013/10/21,1.08431064,,,
2013/10/22,1.084490489,,,
2013/10/23,1.084341751,,,
2013/10/24,1.084444929,,,
2013/10/25,1.084586791,,,
2013/10/28,1.084697624,,,
2013/10/29,1.085069157,,,
2013/10/30,1.084723065,,,
2013/10/31,1.084525504,,,
2013/11/1,1.084691902,,,
2013/11/4,1.085021933,,,
2013/11/5,1.084724794,,,
2013/11/6,1.085203724,,,
2013/11/7,1.084017242,,,
2013/11/8,1.085281906,,,
2013/11/11,1.085298167,,,
2013/11/12,1.085103158,,,
2013/11/13,1.085873784,,,
2013/11/14,1.086353278,,,
2013/11/15,1.086771606,,,
2013/11/18,1.08640656,,,
2013/11/19,1.086179865,,,
2013/11/20,1.085853713,,,
2013/11/21,1.086694774,,,
2013/11/22,1.087216628,,,
2013/11/25,1.087082581,,,
2013/11/26,1.087119841,,,
2013/11/27,1.087447736,,,
2013/11/28,,,,
2013/11/29,1.087358504,,,
2013/12/2,1.087037395,,,
2013/12/3,1.086503262,,,
2013/12/4,1.08648951,,,
2013/12/5,1.085946399,,,
2013/12/6,1.087326756,,,
2013/12/9,1.087581435,,,
2013/12/10,1.087222387,,,
2013/12/11,1.086097382,,,
2013/12/12,1.08576704,,,
2013/12/13,1.085755806,,,
2013/12/16,1.086268159,,,
2013/12/17,1.086006562,,,
2013/12/18,1.087410447,,,
2013/12/19,1.08731529,,,
2013/12/20,1.087794183,,,
2013/12/23,1.088152544,,,
2013/12/24,1.088299582,,,
2013/12/25,,,,
2013/12/26,1.088640752,,,
2013/12/27,1.088637103,,,
2013/12/30,1.088622536,,,
2013/12/31,1.089045077,,,
2014/1/1,,,,
2014/1/2,1.088189134,,,
2014/1/3,1.088174498,,,
2014/1/6,1.087895113,,,
2014/1/7,1.088487075,,,
2014/1/8,1.088508104,,,
2014/1/9,1.088571161,,,
2014/1/10,1.088833752,,,
2014/1/13,1.087506908,,,
2014/1/14,1.088592349,,,
2014/1/15,1.089129759,,,
2014/1/16,1.089000109,,,
2014/1/17,1.088578263,,,
2014/1/20,,,,
2014/1/21,1.08894677,,,
2014/1/22,1.089028456,,,
2014/1/23,1.088001248,,,
2014/1/24,1.085328823,,,
2014/1/27,1.084690556,,,
2014/1/28,1.085462729,,,
2014/1/29,1.084216312,,,
2014/1/30,1.085590299,,,
2014/1/31,1.084829994,,,
2014/2/3,1.082229118,,,
2014/2/4,1.083036686,,,
2014/2/5,1.082891964,,,
2014/2/6,1.084413246,,,
2014/2/7,1.085845238,,,
2014/2/10,1.085977981,,,
2014/2/11,1.086769053,,,
2014/2/12,1.086804833,,,
2014/2/13,1.087178307,,,
2014/2/14,1.087577679,,,
2014/2/17,,,,
2014/2/18,1.087656348,,,
2014/2/19,1.087220582,,,
2014/2/20,1.087608759,,,
2014/2/21,1.087533693,,,
2014/2/24,1.08801931,,,
2014/2/25,1.087986149,,,
2014/2/26,1.087990892,,,
2014/2/27,1.088450497,,,
2014/2/28,1.088672116,,,
2014/3/3,1.087952847,,,
2014/3/4,1.08938957,,,
2014/3/5,1.089482328,,,
2014/3/6,1.089716759,,,
2014/3/7,1.089760285,,,
2014/3/10,1.089696057,,,
2014/3/11,1.08909839,,,
2014/3/12,1.089130666,,,
2014/3/13,1.087775466,,,
2014/3/14,1.087436518,,,
2014/3/17,1.088549569,,,
2014/3/18,1.089428967,,,
2014/3/19,1.088771922,,,
2014/3/20,1.089491501,,,
2014/3/21,1.089013246,,,
2014/3/24,1.088670248,,,
2014/3/25,1.08906375,,,
2014/3/26,1.088467173,,,
2014/3/27,1.08829238,,,
2014/3/28,1.088701029,,,
2014/3/31,1.089318613,,,
2014/4/1,1.089818625,,,
2014/4/2,1.090071108,,,
2014/4/3,1.089971228,,,
2014/4/4,1.0890792,,,
2014/4/7,1.088282956,,,
2014/4/8,1.088579786,,,
2014/4/9,1.089354016,,,
2014/4/10,1.08784019,,,
2014/4/11,1.087191875,,,
2014/4/14,1.087764141,,,
2014/4/15,1.088264692,,,
2014/4/16,1.089026522,,,
2014/4/17,1.089128157,,,
2014/4/18,,,,
2014/4/21,1.089266921,,,
2014/4/22,1.089447777,,,
2014/4/23,1.089354565,,,
2014/4/24,1.089435249,,,
2014/4/25,1.089108908,,,
2014/4/28,1.089275632,,,
2014/4/29,1.089520735,,,
2014/4/30,1.089677806,,,
2014/5/1,1.089683401,,,
2014/5/2,1.089607891,,,
2014/5/5,1.089709144,,,
2014/5/6,1.089248719,,,
2014/5/7,1.089560122,,,
2014/5/8,1.089503816,,,
2014/5/9,1.089582724,,,
2014/5/12,1.090154933,,,
2014/5/13,1.090207608,,,
2014/5/14,1.089928992,,,
2014/5/15,1.089412791,,,
2014/5/16,1.089616614,,,
2014/5/19,1.089886132,,,
2014/5/20,1.089422897,,,
2014/5/21,1.090041587,,,
2014/5/22,1.090220305,,,
2014/5/23,1.09051492,,,
2014/5/26,,,,
2014/5/27,1.090797627,,,
2014/5/28,1.090763997,,,
2014/5/29,1.091001975,,,
2014/5/30,1.091076126,,,
2014/6/2,1.091125405,,,
2014/6/3,1.091103032,,,
2014/6/4,1.091190337,,,
2014/6/5,1.091471849,,,
2014/6/6,1.091678342,,,
2014/6/9,1.091742043,,,
2014/6/10,1.091748408,,,
2014/6/11,1.091532048,,,
2014/6/12,1.091091524,,,
2014/6/13,1.091281134,,,
2014/6/16,1.091340977,,,
2014/6/17,1.091542813,,,
2014/6/18,1.092075908,,,
2014/6/19,1.092157366,,,
2014/6/20,1.09230491,,,
2014/6/23,1.092284088,,,
2014/6/24,1.091874465,,,
2014/6/25,1.092181683,,,
2014/6/26,1.092133014,,,
2014/6/27,1.092265206,,,
2014/6/30,1.092208222,,,
2014/7/1,1.092955012,,,
2014/7/2,1.093068343,,,
2014/7/3,1.09361751,,,
2014/7/4,,,,
2014/7/7,1.093166545,,,
2014/7/8,1.092333963,,,
2014/7/9,1.09291416,,,
2014/7/10,1.092401913,,,
2014/7/11,1.092579853,,,
2014/7/14,1.093135615,,,
2014/7/15,1.092928837,,,
2014/7/16,1.093337486,,,
2014/7/17,1.092082144,,,
2014/7/18,1.093209537,,,
2014/7/21,1.093044354,,,
2014/7/22,1.093428943,,,
2014/7/23,1.093624925,,,
2014/7/24,1.093629368,,,
2014/7/25,1.093216001,,,
2014/7/28,1.093249801,,,
2014/7/29,1.092890816,,,
2014/7/30,1.092903536,,,
2014/7/31,1.091254347,,,
2014/8/1,1.090999561,,,
2014/8/4,1.091535237,,,
2014/8/5,1.090815564,,,
2014/8/6,1.090838747,,,
2014/8/7,1.090437112,,,
2014/8/8,1.091294912,,,
2014/8/11,1.091436968,,,
2014/8/12,1.091368664,,,
2014/8/13,1.0917005,,,
2014/8/14,1.091932048,,,
2014/8/15,1.091922027,,,
2014/8/18,1.092317953,,,
2014/8/19,1.092564637,,,
2014/8/20,1.092690941,,,
2014/8/21,1.092828808,,,
2014/8/22,1.092755326,,,
2014/8/25,1.093108612,,,
2014/8/26,1.093153872,,,
2014/8/27,1.093126037,,,
2014/8/28,1.093087751,,,
2014/8/29,1.093286248,,,
2014/9/1,,,,
2014/9/2,1.093248961,,,
2014/9/3,1.093207929,,,
2014/9/4,1.093099701,,,
2014/9/5,1.093436041,,,
2014/9/8,1.09320256,,,
2014/9/9,1.092630984,,,
2014/9/10,1.092970505,,,
2014/9/11,1.093074265,,,
2014/9/12,1.09254699,,,
2014/9/15,1.09247007,,,
2014/9/16,1.093239755,,,
2014/9/17,1.093377361,,,
2014/9/18,1.093922018,,,
2014/9/19,1.093829896,,,
2014/9/22,1.093234429,,,
2014/9/23,1.092793306,,,
2014/9/24,1.093396291,,,
2014/9/25,1.092152684,,,
2014/9/26,1.09276436,,,
2014/9/29,1.092617809,,,
2014/9/30,1.092405772,,,
2014/10/1,1.09131436,,,
2014/10/2,1.091326778,,,
2014/10/3,1.092212549,,,
2014/10/6,1.092132959,,,
2014/10/7,1.091083349,,,
2014/10/8,1.092271417,,,
2014/10/9,1.09092267,,,
2014/10/10,1.090147396,,,
2014/10/13,1.08937942,,,
2014/10/14,1.08945171,,,
2014/10/15,1.089135588,,,
2014/10/16,1.089095505,,,
2014/10/17,1.089647139,,,
2014/10/20,1.089899642,,,
2014/10/21,1.090414943,,,
2014/10/22,1.090229894,,,
2014/10/23,1.09053236,,,
2014/10/24,1.090732633,,,
2014/10/27,1.090735476,,,
2014/10/28,1.090711752,,,
2014/10/29,1.090714879,,,
2014/10/30,1.09070162,,,
2014/10/31,1.090677969,,,
2014/11/3,1.090691084,,,
2014/11/4,1.090607667,,,
2014/11/5,1.090759525,,,
2014/11/6,1.090855785,,,
2014/11/7,1.090878276,,,
2014/11/10,1.091017537,,,
2014/11/11,1.091060924,,,
2014/11/12,1.091013245,,,
2014/11/13,1.091063145,,,
2014/11/14,1.091073982,,,
2014/11/17,1.091108964,,,
2014/11/18,1.091426329,,,
2014/11/19,1.091338058,,,
2014/11/20,1.0914345,,,
2014/11/21,1.091728692,,,
2014/11/24,1.091888393,,,
2014/11/25,1.091847203,,,
2014/11/26,1.091992849,,,
2014/11/27,,,,
2014/11/28,1.091872227,,,
2014/12/1,1.091473359,,,
2014/12/2,1.0918442,,,
2014/12/3,1.092065906,,,
2014/12/4,1.092002399,,,
2014/12/5,1.092096377,,,
2014/12/8,1.091675129,,,
2014/12/9,1.091632432,,,
2014/12/10,1.090622311,,,
2014/12/11,1.090941464,,,
2014/12/12,1.089923793,,,
2014/12/15,1.089496665,,,
2014/12/16,1.088998219,,,
2014/12/17,1.090216168,,,
2014/12/18,1.091754158,,,
2014/12/19,1.092019164,,,
2014/12/22,1.092131753,,,
2014/12/23,1.092164788,,,
2014/12/24,1.092167145,,,
2014/12/25,,,,
2014/12/26,1.092246083,,,
2014/12/29,1.092330432,,,
2014/12/30,1.091993463,,,
2014/12/31,1.091370523,,,
2015/1/1,,,,
2015/1/2,1.091336945,,,
2015/1/5,1.089546611,,,
2015/1/6,1.088614397,,,
2015/1/7,1.089846648,,,
2015/1/8,1.091603391,,,
2015/1/9,1.090808776,,,
2015/1/12,1.090234716,,,
2015/1/13,1.090028705,,,
2015/1/14,1.089586602,,,
2015/1/15,1.088916048,,,
2015/1/16,1.089875419,,,
2015/1/19,,,,
2015/1/20,1.08997886,,,
2015/1/21,1.090223736,,,
2015/1/22,1.090945279,,,
2015/1/23,1.090679077,,,
2015/1/26,1.090727742,,,
2015/1/27,1.090453617,,,
2015/1/28,1.090187168,,,
2015/1/29,1.090379173,,,
2015/1/30,1.090117924,,,
2015/2/2,1.090572589,,,
2015/2/3,1.091103733,,,
2015/2/4,1.090963807,,,
2015/2/5,1.091334721,,,
2015/2/6,1.091233082,,,
2015/2/9,1.091130156,,,
2015/2/10,1.091375119,,,
2015/2/11,1.091388463,,,
2015/2/12,1.091609645,,,
2015/2/13,1.091704339,,,
2015/2/16,,,,
2015/2/17,1.091775532,,,
2015/2/18,1.091779842,,,
2015/2/19,1.091747531,,,
2015/2/20,1.092019112,,,
2015/2/23,1.092010589,,,
2015/2/24,1.092181072,,,
2015/2/25,1.092130066,,,
2015/2/26,1.092059163,,,
2015/2/27,1.091854735,,,
2015/3/2,1.092366108,,,
2015/3/3,1.09203354,,,
2015/3/4,1.091692034,,,
2015/3/5,1.091780639,,,
2015/3/6,1.090641542,,,
2015/3/9,1.091048898,,,
2015/3/10,1.089453905,,,
2015/3/11,1.089224001,,,
2015/3/12,1.090471987,,,
2015/3/13,1.089869357,,,
2015/3/16,1.091263776,,,
2015/3/17,1.090953148,,,
2015/3/18,1.092209066,,,
2015/3/19,1.09173197,,,
2015/3/20,1.092654784,,,
2015/3/23,1.092445202,,,
2015/3/24,1.09184096,,,
2015/3/25,1.090266031,,,
2015/3/26,1.090010461,,,
2015/3/27,1.090256133,,,
2015/3/30,1.09133552,,,
2015/3/31,1.09056152,,,
2015/4/1,1.090248557,,,
2015/4/2,1.090566846,,,
2015/4/3,,,,
2015/4/6,1.090882268,,,
2015/4/7,1.090758259,,,
2015/4/8,1.090916488,,,
2015/4/9,1.091123777,,,
2015/4/10,1.091379554,,,
2015/4/13,1.091218187,,,
2015/4/14,1.091286431,,,
2015/4/15,1.091446503,,,
2015/4/16,1.09143633,,,
2015/4/17,1.091025891,,,
2015/4/20,1.091396168,,,
2015/4/21,1.091347872,,,
2015/4/22,1.091547078,,,
2015/4/23,1.091649099,,,
2015/4/24,1.091743191,,,
2015/4/27,1.091603989,,,
2015/4/28,1.091710402,,,
2015/4/29,1.091572648,,,
2015/4/30,1.091237214,,,
2015/5/1,1.091600018,,,
2015/5/4,1.091703922,,,
2015/5/5,1.091285996,,,
2015/5/6,1.091135815,,,
2015/5/7,1.091281337,,,
2015/5/8,1.091761634,,,
2015/5/11,1.091624523,,,
2015/5/12,1.091538598,,,
2015/5/13,1.091544071,,,
2015/5/14,1.091843577,,,
2015/5/15,1.091874716,,,
2015/5/18,1.092064009,,,
2015/5/19,1.092043989,,,
2015/5/20,1.092001082,,,
2015/5/21,1.092178554,,,
2015/5/22,1.09203297,,,
2015/5/25,,,,
2015/5/26,1.091576152,,,
2015/5/27,1.091979286,,,
2015/5/28,1.091931349,,,
2015/5/29,1.091667397,,,
2015/6/1,1.091730301,,,
2015/6/2,1.091699641,,,
2015/6/3,1.091781477,,,
2015/6/4,1.091520564,,,
2015/6/5,1.091467656,,,
2015/6/8,1.091130373,,,
2015/6/9,1.091122483,,,
2015/6/10,1.091780059,,,
2015/6/11,1.091956909,,,
2015/6/12,1.091536879,,,
2015/6/15,1.091354192,,,
2015/6/16,1.091586554,,,
2015/6/17,1.091655493,,,
2015/6/18,1.092098858,,,
2015/6/19,1.091909522,,,
2015/6/22,1.092166173,,,
2015/6/23,1.092201644,,,
2015/6/24,1.091837706,,,
2015/6/25,1.091685404,,,
2015/6/26,1.091675858,,,
2015/6/29,1.090505579,,,
2015/6/30,1.090622273,,,
2015/7/1,1.091069158,,,
2015/7/2,1.091018086,,,
2015/7/3,,,,
2015/7/6,1.090886747,,,
2015/7/7,1.091176931,,,
2015/7/8,1.090402562,,,
2015/7/9,1.090485999,,,
2015/7/10,1.091066803,,,
2015/7/13,1.091268467,,,
2015/7/14,1.091347743,,,
2015/7/15,1.091341672,,,
2015/7/16,1.091488323,,,
2015/7/17,1.09150382,,,
2015/7/20,1.091504132,,,
2015/7/21,1.091501751,,,
2015/7/22,1.09150067,,,
2015/7/23,1.091497279,,,
2015/7/24,1.09149103,,,
2015/7/27,1.091401488,,,
2015/7/28,1.091590536,,,
2015/7/29,1.091696431,,,
2015/7/30,1.091700083,,,
2015/7/31,1.091676715,,,
2015/8/3,1.091664063,,,
2015/8/4,1.091656733,,,
2015/8/5,1.091669094,,,
2015/8/6,1.091638383,,,
2015/8/7,1.091631182,,,
2015/8/10,1.092041373,,,
2015/8/11,1.091747497,,,
2015/8/12,1.091786506,,,
2015/8/13,1.091745985,,,
2015/8/14,1.091864578,,,
2015/8/17,1.091954433,,,
2015/8/18,1.091907842,,,
2015/8/19,1.09178069,,,
2015/8/20,1.091444873,,,
2015/8/21,1.09096091,,,
2015/8/24,1.090313044,,,
2015/8/25,1.09013209,,,
2015/8/26,1.090722377,,,
2015/8/27,1.091102874,,,
2015/8/28,1.091103646,,,
2015/8/31,1.091441249,,,
2015/9/1,1.092688891,,,
2015/9/2,1.09189457,,,
2015/9/3,1.09186461,,,
2015/9/4,1.09249758,,,
2015/9/7,,,,
2015/9/8,1.09114164,,,
2015/9/9,1.091862217,,,
2015/9/10,1.091568776,,,
2015/9/11,1.091323799,,,
2015/9/14,1.091574204,,,
2015/9/15,1.090730486,,,
2015/9/16,1.090145934,,,
2015/9/17,1.090297474,,,
2015/9/18,1.09139924,,,
2015/9/21,1.091084967,,,
2015/9/22,1.091874116,,,
2015/9/23,1.091971382,,,
2015/9/24,1.092191394,,,
2015/9/25,1.092207165,,,
2015/9/28,1.093634561,,,
2015/9/29,1.093601241,,,
2015/9/30,1.092538702,,,
2015/10/1,1.09239026,,,
2015/10/2,1.091540539,,,
2015/10/5,1.090059175,,,
2015/10/6,1.090344012,,,
2015/10/7,1.089662922,,,
2015/10/8,1.088912776,,,
2015/10/9,1.088863251,,,
2015/10/12,1.088799574,,,
2015/10/13,1.089224773,,,
2015/10/14,1.089548349,,,
2015/10/15,1.088511676,,,
2015/10/16,1.088205004,,,
2015/10/19,1.088182187,,,
2015/10/20,1.088241486,,,
2015/10/21,1.088529245,,,
2015/10/22,1.087745399,,,
2015/10/23,1.087237155,,,
2015/10/26,1.087318137,,,
2015/10/27,1.087381814,,,
2015/10/28,1.087006963,,,
2015/10/29,1.087025882,,,
2015/10/30,1.087167864,,,
2015/11/2,1.087055498,,,
2015/11/3,1.087027964,,,
2015/11/4,1.087056768,,,
2015/11/5,1.087066249,,,
2015/11/6,1.08707122,,,
2015/11/9,1.086923767,,,
2015/11/10,1.086960213,,,
2015/11/11,1.086898092,,,
2015/11/12,1.08667754,,,
2015/11/13,1.086500179,,,
2015/11/16,1.08666212,,,
2015/11/17,1.08665435,,,
2015/11/18,1.086823334,,,
2015/11/19,1.086814149,,,
2015/11/20,1.086852967,,,
2015/11/23,1.086871365,,,
2015/11/24,1.086849875,,,
2015/11/25,1.086852175,,,
2015/11/26,,,,
2015/11/27,1.086833777,,,
2015/11/30,1.086727248,,,
2015/12/1,1.08697191,,,
2015/12/2,1.086710014,,,
2015/12/3,1.086350741,,,
2015/12/4,1.086850967,,,
2015/12/7,1.086671134,,,
2015/12/8,1.086471713,,,
2015/12/9,1.086240872,,,
2015/12/10,1.086317443,,,
2015/12/11,1.08574244,,,
2015/12/14,1.085720566,,,
2015/12/15,1.085675116,,,
2015/12/16,1.085611771,,,
2015/12/17,1.085677737,,,
2015/12/18,1.085754862,,,
2015/12/21,1.08558109,,,
2015/12/22,1.085389966,,,
2015/12/23,1.085129193,,,
2015/12/24,1.085163939,,,
2015/12/25,,,,
2015/12/28,1.085195084,,,
2015/12/29,1.085049622,,,
2015/12/30,1.085146218,,,
2015/12/31,1.085282561,,,
2016/1/1,,,,
2016/1/4,1.08535254,,,
2016/1/5,1.085344073,,,
2016/1/6,1.085407222,,,
2016/1/7,1.085527334,,,
2016/1/8,1.085582294,,,
2016/1/11,1.085576461,,,
2016/1/12,1.085528928,,,
2016/1/13,1.085675855,,,
2016/1/14,1.085579129,,,
2016/1/15,1.085705593,,,
2016/1/18,,,,
2016/1/19,1.085623583,,,
2016/1/20,1.086413055,,,
2016/1/21,1.086067694,,,
2016/1/22,1.084803334,,,
2016/1/25,1.084956855,,,
2016/1/26,1.084818278,,,
2016/1/27,1.084928808,,,
2016/1/28,1.084875899,,,
2016/1/29,1.08462831,,,
2016/2/1,1.084638477,,,
2016/2/2,1.085145553,,,
2016/2/3,1.084976799,,,
2016/2/4,1.084932661,,,
2016/2/5,1.085468806,,,
2016/2/8,1.085537476,,,
2016/2/9,1.085537201,,,
2016/2/10,1.085541603,,,
2016/2/11,1.085607967,,,
2016/2/12,1.085502778,,,
2016/2/15,,,,
2016/2/16,1.084950396,,,
2016/2/17,1.084416076,,,
2016/2/18,1.084549988,,,
2016/2/19,1.084565308,,,
2016/2/22,1.083932882,,,
2016/2/23,1.0844842,,,
2016/2/24,1.084284358,,,
2016/2/25,1.083755472,,,
2016/2/26,1.083855914,,,
2016/2/29,1.083674944,,,
2016/3/1,1.084217288,,,
2016/3/2,1.084320988,,,
2016/3/3,1.084411473,,,
2016/3/4,1.084486589,,,
2016/3/7,1.08449749,,,
2016/3/8,1.084348395,,,
2016/3/9,1.084415841,,,
2016/3/10,1.084426799,,,
2016/3/11,1.084647155,,,
2016/3/14,1.084637989,,,
2016/3/15,1.08462634,,,
2016/3/16,1.084667708,,,
2016/3/17,1.084713058,,,
2016/3/18,1.08474115,,,
2016/3/21,1.084752106,,,
2016/3/22,1.084747956,,,
2016/3/23,1.084696997,,,
2016/3/24,1.084693577,,,
2016/3/25,,,,
2016/3/28,1.084699365,,,
2016/3/29,1.084789971,,,
2016/3/30,1.084832953,,,
2016/3/31,1.084809178,,,
2016/4/1,1.084875909,,,
2016/4/4,1.084895852,,,
2016/4/5,1.084957368,,,
2016/4/6,1.0848901,,,
2016/4/7,1.084963798,,,
2016/4/8,1.084947188,,,
2016/4/11,1.084954576,,,
2016/4/12,1.084925261,,,
2016/4/13,1.084893466,,,
2016/4/14,1.084893315,,,
2016/4/15,1.084896795,,,
2016/4/18,1.084993952,,,
2016/4/19,1.085037569,,,
2016/4/20,1.085050746,,,
2016/4/21,1.084976369,,,
2016/4/22,1.084976369,,,
2016/4/25,1.084941496,,,
2016/4/26,1.084971576,,,
2016/4/27,1.08501324,,,
2016/4/28,1.084829517,,,
2016/4/29,1.084720244,,,
2016/5/2,1.084849275,,,
2016/5/3,1.084707975,,,
2016/5/4,1.084617421,,,
2016/5/5,1.084614255,,,
2016/5/6,1.084673649,,,
2016/5/9,1.084687047,,,
2016/5/10,1.08488864,,,
2016/5/11,1.08473694,,,
2016/5/12,1.084741651,,,
2016/5/13,1.084600358,,,
2016/5/16,1.084870965,,,
2016/5/17,1.084614878,,,
2016/5/18,1.084622912,,,
2016/5/19,1.084527865,,,
2016/5/20,1.084701142,,,
2016/5/23,1.084665926,,,
2016/5/24,1.085000919,,,
2016/5/25,1.085176273,,,
2016/5/26,1.085183686,,,
2016/5/27,1.085294848,,,
2016/5/30,,,,
2016/5/31,1.085279089,,,
2016/6/1,1.085296062,,,
2016/6/2,1.085321271,,,
2016/6/3,1.08529653,,,
2016/6/6,1.08557816,,,
2016/6/7,1.085664597,,,
2016/6/8,1.085845069,,,
2016/6/9,1.085769454,,,
2016/6/10,1.085244676,,,
2016/6/13,1.084383657,,,
2016/6/14,1.084164225,,,
2016/6/15,1.084008747,,,
2016/6/16,1.084341569,,,
2016/6/17,1.083926108,,,
2016/6/20,1.084767074,,,
2016/6/21,1.085138032,,,
2016/6/22,1.084924792,,,
2016/6/23,1.086626888,,,
2016/6/24,1.081926072,,,
2016/6/27,1.07987631,,,
2016/6/28,1.081936601,,,
2016/6/29,1.083885409,,,
2016/6/30,1.085449956,,,
2016/7/1,1.085691132,,,
2016/7/4,,,,
2016/7/5,1.085076898,,,
2016/7/6,1.085588766,,,
2016/7/7,1.085535823,,,
2016/7/8,1.086807152,,,
2016/7/11,1.087301057,,,
2016/7/12,1.088318671,,,
2016/7/13,1.0882991,,,
2016/7/14,1.089082072,,,
2016/7/15,1.088893773,,,
2016/7/18,1.08927382,,,
2016/7/19,1.08913,,,
2016/7/20,1.089718867,,,
2016/7/21,1.08918428,,,
2016/7/22,1.089818751,,,
2016/7/25,1.089455154,,,
2016/7/26,1.08951693,,,
2016/7/27,1.089374913,,,
2016/7/28,1.089529426,,,
2016/7/29,1.089745519,,,
2016/8/1,1.089647347,,,
2016/8/2,1.088888642,,,
2016/8/3,1.089234487,,,
2016/8/4,1.089360427,,,
2016/8/5,1.090328653,,,
2016/8/8,1.090267249,,,
2016/8/9,1.090328686,,,
2016/8/10,1.090073609,,,
2016/8/11,1.090551773,,,
2016/8/12,1.090462203,,,
2016/8/15,1.090717624,,,
2016/8/16,1.090260695,,,
2016/8/17,1.09042727,,,
2016/8/18,1.090626012,,,
2016/8/19,1.090496487,,,
2016/8/22,1.090492696,,,
2016/8/23,1.090659595,,,
2016/8/24,1.090235554,,,
2016/8/25,1.09017849,,,
