2006-01-03,
2006-01-04,0.00473563827808
2006-01-05,0.000628397700537
2006-01-06,0.00832159687831
2006-01-09,0.00256930666527
2006-01-10,0.00100946723465
2006-01-11,0.00318079386486
2006-01-12,-0.00394397160327
2006-01-13,-0.000931755422035
2006-01-17,-0.00271985643434
2006-01-18,-0.00397414850421
2006-01-19,0.0038335009118
2006-01-20,-0.018237048823
2006-01-23,0.0035722537187
2006-01-24,0.00102835114159
2006-01-25,0.000869229559977
2006-01-26,0.00552658489223
2006-01-27,0.00926501657159
2006-01-30,-0.000777895255062
2006-01-31,-0.00731861098693
2006-02-01,0.00698038872769
2006-02-02,-0.0116052547168
2006-02-03,-0.00496457883932
2006-02-06,0.00261346135359
2006-02-07,-0.00884671709335
2006-02-08,0.00908510307691
2006-02-09,-0.00165849924855
2006-02-10,0.00181944505224
2006-02-13,-0.00181614068406
2006-02-14,0.0106003982157
2006-02-15,0.00352247991005
2006-02-16,0.00748835291296
2006-02-17,-0.00270986487583
2006-02-21,-0.00248421248708
2006-02-22,0.00607049986794
2006-02-23,-0.00146980967389
2006-02-24,0.00255656763557
2006-02-27,0.000386390918585
2006-02-28,-0.0095010841717
2006-03-01,0.00889026594189
2006-03-02,-7.72516737483e-05
2006-03-03,-0.00463827000585
2006-03-06,-0.00458213953213
2006-03-07,-0.00156039911509
2006-03-08,0.00210989762429
2006-03-09,-0.00670623324855
2006-03-10,0.00949912477722
2006-03-13,0.00186643720219
2006-03-14,0.0104788609798
2006-03-15,0.0044553770737
2006-03-16,0.00206488887019
2006-03-17,0.000835155165507
2006-03-20,-0.00160764494862
2006-03-21,-0.00628792560122
2006-03-22,0.00609621794817
2006-03-23,-0.00207089582268
2006-03-24,0.000768623192031
2006-03-27,-0.00145920392255
2006-03-28,-0.0061529150977
2006-03-29,0.00626835218229
2006-03-30,-0.00176878941763
2006-03-31,0.000231121303442
2006-04-03,-0.000770290471861
2006-04-04,0.00639792545663
2006-04-05,0.00344666774328
2006-04-06,-0.00106861728955
2006-04-07,-0.0101627720384
2006-04-10,0.00154402028654
2006-04-11,-0.00847854320699
2006-04-12,0.00186571137117
2006-04-13,-0.00131903969653
2006-04-17,-0.000388496651985
2006-04-18,0.0158556877815
2006-04-19,0.00191278348786
2006-04-20,0.0013746259769
2006-04-21,0.000152435526188
2006-04-24,-0.00182989045088
2006-04-25,-0.0041250328437
2006-04-26,0.000230101232949
2006-04-27,0.00483133038842
2006-04-28,0.00335802871182
2006-05-01,-0.00813879925485
2006-05-02,0.00751542837139
2006-05-03,-0.00372968401265
2006-05-04,0.00359080752815
2006-05-05,0.00883072538915
2006-05-08,-0.00120739059534
2006-05-09,0.00196429419624
2006-05-10,-0.000527765651856
2006-05-11,-0.0120709566738
2006-05-12,-0.0130583553548
2006-05-15,0.00201171440872
2006-05-16,-0.00146719462587
2006-05-17,-0.0190240431445
2006-05-18,-0.00504532827884
2006-05-19,0.00705173472318
2006-05-22,-0.00763179502535
2006-05-23,-0.00761118866115
2006-05-24,0.00798913036373
2006-05-25,0.0123643210762
2006-05-26,0.00508886360406
2006-05-30,-0.0177598175119
2006-05-31,0.0111816308114
2006-06-01,0.00956782339796
2006-06-02,0.00209744942693
2006-06-05,-0.0145736292747
2006-06-06,-0.00243867902372
2006-06-07,-0.00749150141276
2006-06-08,-0.00087398696886
2006-06-09,-0.00318093257111
2006-06-12,-0.0108496230597
2006-06-13,-0.0116137951714
2006-06-14,0.00775191554416
2006-06-15,0.0212145941304
2006-06-16,-0.00728707466796
2006-06-19,-0.00786204144373
2006-06-20,0.00339612255912
2006-06-21,0.00741402233818
2006-06-22,-0.00439967644572
2006-06-23,-0.00016066744448
2006-06-26,0.00441976929888
2006-06-27,-0.00864064568062
2006-06-28,0.00677907892059
2006-06-29,0.020200377105
2006-06-30,7.85942328485e-05
2006-07-03,0.00408551388889
2006-07-05,-0.00571207683609
2006-07-06,0.00291180012351
2006-07-07,-0.00651288211587
2006-07-10,0.00189556391504
2006-07-11,0.00441471232599
2006-07-12,-0.0106742100074
2006-07-13,-0.0162634072616
2006-07-14,-0.00387099516438
2006-07-17,-0.00145726299095
2006-07-18,0.00510787405258
2006-07-19,0.0138743315261
2006-07-20,-0.00684222938822
2006-07-21,-0.00704962898035
2006-07-24,0.0182331732439
2006-07-25,0.00356552803016
2006-07-26,0.00134215366786
2006-07-27,-0.000946167341753
2006-07-28,0.0100229210313
2006-07-31,-0.0010158234854
2006-08-01,-0.00492762197139
2006-08-02,0.00675994194977
2006-08-03,0.00265456637686
2006-08-04,-0.00171314378629
2006-08-07,-0.00234005326417
2006-08-08,-0.00383109756459
2006-08-09,-0.00337494029063
2006-08-10,0.00307134274597
2006-08-11,-0.00282640926043
2006-08-14,0.000787325970087
2006-08-15,0.0119581806364
2006-08-16,0.00831836707338
2006-08-17,0.0025443457841
2006-08-18,0.00507578660064
2006-08-21,-0.00428493023196
2006-08-22,-7.6924223762e-05
2006-08-23,-0.00276668468203
2006-08-24,-0.000847716726575
2006-08-25,0.00123411657408
2006-08-28,0.00477617307695
2006-08-29,0.00115011295888
2006-08-30,0.000612663519125
2006-08-31,-0.000153100652767
2006-09-01,0.00597060219171
2006-09-05,0.00190229826902
2006-09-06,-0.00880993852639
2006-09-07,-0.0045972792155
2006-09-08,0.00284808690606
2006-09-11,0.000997889887922
2006-09-12,0.00981519442644
2006-09-13,0.0040245893729
2006-09-14,7.55954147698e-05
2006-09-15,0.00234718388017
2006-09-18,0.00136398732478
2006-09-19,-0.00249736372934
2006-09-20,0.00531065428104
2006-09-21,-0.00482982486868
2006-09-22,-0.00303324268463
2006-09-25,0.0076823192246
2006-09-26,0.00830318477967
2006-09-27,0.00119781897449
2006-09-28,-0.000373887380907
2006-09-29,-0.000822806176673
2006-10-02,-0.00374307422122
2006-10-03,0.00210399139821
2006-10-04,0.0116976459811
2006-10-05,0.00192701964647
2006-10-06,-0.001257569378
2006-10-09,0.000592570570806
2006-10-10,0.00133250335326
2006-10-11,-0.00118285395511
2006-10-12,0.00865960457752
2006-10-13,0.00256828657438
2006-10-16,0.00153693198821
2006-10-17,-0.00314230456244
2006-10-18,0.001319500116
2006-10-19,0.00161066466567
2006-10-20,0.000219276728725
2006-10-23,0.00460395562225
2006-10-24,0.00298249324643
2006-10-25,0.00340876554619
2006-10-26,0.00310800814966
2006-10-27,-0.00626887387177
2006-10-30,-0.000725155244607
2006-10-31,-0.000145159655945
2006-11-01,-0.00674934935112
2006-11-02,-0.000584551442875
2006-11-03,-0.0017546890819
2006-11-06,0.0112788088703
2006-11-07,0.00383834808147
2006-11-08,0.00216437219101
2006-11-09,-0.00525528336829
2006-11-10,0.00043431291769
2006-11-13,0.00245946486388
2006-11-14,0.00750463636919
2006-11-15,0.00286498931198
2006-11-16,0.00257105869894
2006-11-17,0.000284898447948
2006-11-20,0.000569731604486
2006-11-21,0.000996433949849
2006-11-22,0.00199089291926
2006-11-24,-0.0040447908191
2006-11-27,-0.0137513967419
2006-11-28,0.00433467730213
2006-11-29,0.0104301329071
2006-11-30,0.000427126766651
2006-12-01,-0.0022059234924
2006-12-04,0.00763080707074
2006-12-05,0.00431736747473
2006-12-06,-0.000845627368729
2006-12-07,-0.0043729413181
2006-12-08,0.00184184414969
2006-12-11,0.00289918934471
2006-12-12,-0.000775574422083
2006-12-13,0.00105838106786
2006-12-14,0.00881088100362
2006-12-15,9.13427657356e-05
2006-12-18,-0.00273992023039
2006-12-19,0.00190210942474
2006-12-20,-0.00056252089291
2006-12-21,-0.00365839610899
2006-12-22,-0.00614316193102
2006-12-26,0.00589699255488
2006-12-27,0.00656867544059
2006-12-28,-0.0021050290482
2006-12-29,-0.00414888203898
2007-01-03,-0.00176528741028
2007-01-04,0.00212211712311
2007-01-05,-0.0079763210433
2007-01-08,0.00462508799422
2007-01-09,-0.000849888858876
2007-01-10,0.00333157955189
2007-01-11,0.0043804620932
2007-01-12,0.00759708546445
2007-01-16,-0.00195474736469
2007-01-17,0.00041967883669
2007-01-18,-0.00335625470122
2007-01-19,0.00196445940864
2007-01-22,-0.00308081974748
2007-01-23,0.00294984023648
2007-01-24,0.00805317782698
2007-01-25,-0.0117401978299
2007-01-26,-0.000913753993584
2007-01-29,-0.000562877080471
2007-01-30,0.00520936545889
2007-01-31,0.0067232100636
2007-02-01,0.00598261539462
2007-02-02,0.00138300462965
2007-02-05,0.000276285238676
2007-02-06,0.000276098415454
2007-02-07,0.00220862806884
2007-02-08,-0.0013084683891
2007-02-09,-0.00744726012523
2007-02-12,-0.0034042405252
2007-02-13,0.0084350445577
2007-02-14,0.00656710556069
2007-02-15,0.00130486554157
2007-02-16,-0.000480157013556
2007-02-20,0.00212720299604
2007-02-21,-0.000410827803733
2007-02-22,-0.000753534632366
2007-02-23,-0.00390753497037
2007-02-26,-0.000894729394802
2007-02-27,-0.0390576441356
2007-02-28,0.0102508463556
2007-03-01,-0.00298019077313
2007-03-02,-0.0130951289701
2007-03-05,-0.00951894498188
2007-03-06,0.0171095011336
2007-03-07,-0.00100214040747
2007-03-08,0.00845520114846
2007-03-09,0.000284161259621
2007-03-12,0.00149173987235
2007-03-13,-0.0194340378704
2007-03-14,0.00745025679802
2007-03-15,0.00136417796243
2007-03-16,-0.0028001954331
2007-03-19,0.0120551350106
2007-03-20,0.00549218302413
2007-03-21,0.0164573454258
2007-03-22,-0.000767678016489
2007-03-23,0.00146673979407
2007-03-26,-0.00132507615508
2007-03-27,-0.0023742760318
2007-03-28,-0.0072798129589
2007-03-29,0.00105764258001
2007-03-30,0.000211301575199
2007-04-02,0.00112678139481
2007-04-03,0.010762512257
2007-04-04,0.00111353735552
2007-04-05,0.00271115684401
2007-04-09,0.00138655036032
2007-04-10,0.00117695078508
2007-04-11,-0.00407991967329
2007-04-12,0.00444382413593
2007-04-13,0.00456244607706
2007-04-16,0.00949621761367
2007-04-17,0.00265847791283
2007-04-18,0.00122379553889
2007-04-19,-0.00027166286941
2007-04-20,0.00944100064146
2007-04-23,-0.00376798207757
2007-04-24,0.000405228945283
2007-04-25,0.00918174484004
2007-04-26,0.00113726772264
2007-04-27,-0.000801838765114
2007-04-30,-0.00829269090901
2007-05-01,0.00256258249268
2007-05-02,0.00585185526844
2007-05-03,0.00541669850972
2007-05-04,0.00379110103196
2007-05-07,0.000198770774356
2007-05-08,-0.00132492389971
2007-05-09,0.00271976003257
2007-05-10,-0.0104525161774
2007-05-11,0.00855728791019
2007-05-14,-0.00218747004631
2007-05-15,0.000265787674619
2007-05-16,0.00684066027539
2007-05-17,-0.00197891316152
2007-05-18,0.00872433699168
2007-05-21,-0.000524191423338
2007-05-22,-0.000786647253637
2007-05-23,0.000131249984912
2007-05-24,-0.00905277551496
2007-05-25,0.00417056129286
2007-05-29,0.00362583477621
2007-05-30,0.00814496895109
2007-05-31,-0.00104240451544
2007-06-01,0.00495691819687
2007-06-04,0.000129827983096
2007-06-05,-0.00395847540131
2007-06-06,-0.010749942062
2007-06-07,-0.0180452481309
2007-06-08,0.0130113199616
2007-06-11,0.00172145760905
2007-06-12,-0.0109055428338
2007-06-13,0.0149682989421
2007-06-14,0.00638620103002
2007-06-15,0.00568976678835
2007-06-18,-0.0011759887543
2007-06-19,0.00248547894775
2007-06-20,-0.0138970778541
2007-06-21,0.00555774134063
2007-06-22,-0.00940908434893
2007-06-25,-0.00478247387914
2007-06-26,-0.0102783712087
2007-06-27,0.0142288793334
2007-06-28,-0.000132904792246
2007-06-29,0.00033241171705
2007-07-02,0.00904074873278
2007-07-03,0.00362344813353
2007-07-05,-0.00105030757651
2007-07-06,0.0052569550892
2007-07-09,0.000784483068438
2007-07-10,-0.0142391105635
2007-07-11,0.00708989631615
2007-07-12,0.0157904743614
2007-07-13,0.00297951164244
2007-07-16,-0.000129187955944
2007-07-17,-0.000516708165933
2007-07-18,-0.00180935827867
2007-07-19,0.00388428751159
2007-07-20,-0.0101245082932
2007-07-23,0.00306189734035
2007-07-24,-0.0173410275794
2007-07-25,0.00204889215239
2007-07-26,-0.0236791488131
2007-07-27,-0.0196595306162
2007-07-30,0.0156433344817
2007-07-31,-0.0112634270891
2007-08-01,0.00487229713239
2007-08-02,0.00799026075424
2007-08-03,-0.0257452722625
2007-08-06,0.0167594110755
2007-08-07,0.0106695655806
2007-08-08,0.0139405673361
2007-08-09,-0.0296336049899
2007-08-10,-0.0046770201018
2007-08-13,0.00359331968422
2007-08-14,-0.015286108961
2007-08-15,-0.0137752702736
2007-08-16,0.00751568879482
2007-08-17,0.018367352218
2007-08-20,-0.00048377778142
2007-08-21,0.00200493539184
2007-08-22,0.0118678064591
2007-08-23,-0.000886396227449
2007-08-24,0.0123532447598
2007-08-27,-0.00930361025268
2007-08-28,-0.0219802361128
2007-08-29,0.0196214273211
2007-08-30,-0.00266138482648
2007-08-31,0.00985291123649
2007-09-04,0.0100955651353
2007-09-05,-0.00865312683691
2007-09-06,0.00230063776055
2007-09-07,-0.0139066793528
2007-09-10,-0.00191698537277
2007-09-11,0.0116606921072
2007-09-12,0.00257637116503
2007-09-13,0.00703326704416
2007-09-14,-6.72239306629e-05
2007-09-17,-0.00537264970975
2007-09-18,0.0294395662237
2007-09-19,0.00590314937322
2007-09-20,-0.0070422637834
2007-09-21,0.00269866665845
2007-09-24,-0.00184246737948
2007-09-25,-0.00197773381211
2007-09-26,0.00528438122262
2007-09-27,0.00591362084112
2007-09-28,-0.00333133902206
2007-10-01,0.0112727849639
2007-10-02,-0.00136102924914
2007-10-03,-0.00201179250044
2007-10-04,0.00156070595423
2007-10-05,0.0118815882888
2007-10-08,-0.00532564770154
2007-10-09,0.00941808178117
2007-10-10,-0.00166152014708
2007-10-11,-0.00480092199363
2007-10-12,0.00553161875774
2007-10-15,-0.00844372538324
2007-10-16,-0.00793493971392
2007-10-17,0.00305632387363
2007-10-18,-0.00363045915621
2007-10-19,-0.0261565751557
2007-10-22,0.00581275764278
2007-10-23,0.00810416881097
2007-10-24,-0.00184501700206
2007-10-25,0.00237655636872
2007-10-26,0.01172285747
2007-10-29,0.00331994855134
2007-10-30,-0.0069422406693
2007-10-31,0.010388063151
2007-11-01,-0.0234076669528
2007-11-02,0.00112558976388
2007-11-05,-0.00760578046261
2007-11-06,0.013462213731
2007-11-07,-0.0273558517063
2007-11-08,-0.00507065121327
2007-11-09,-0.0137265829449
2007-11-12,-0.00992146741919
2007-11-13,0.0304802012184
2007-11-14,-0.00276880328037
2007-11-15,-0.0144240858364
2007-11-16,0.00171774099367
2007-11-19,-0.0139241288002
2007-11-20,0.00612134596613
2007-11-21,-0.0204646499633
2007-11-23,0.0172925777169
2007-11-26,-0.0220634642934
2007-11-27,0.0114935088929
2007-11-28,0.0319842679045
2007-11-29,0.000339752915112
2007-11-30,0.0100557877774
2007-12-03,-0.00659229599899
2007-12-04,-0.00893818978517
2007-12-05,0.0167395221612
2007-12-06,0.0143135862163
2007-12-07,-0.000198744816286
2007-12-10,0.00775295105843
2007-12-11,-0.0274197658173
2007-12-12,0.00987081510315
2007-12-13,-0.00207537204987
2007-12-14,-0.0126794539124
2007-12-17,-0.014269147324
2007-12-18,0.00558349129083
2007-12-19,0.0
2007-12-20,0.00630653844977
2007-12-21,0.0144153298888
2007-12-24,0.00742585130638
2007-12-26,0.00214438903449
2007-12-27,-0.0125710771413
2007-12-28,-0.00250555900282
2007-12-31,-0.00739983898915
2008-01-02,-0.00875462761927
2008-01-03,-0.000482929638553
2008-01-04,-0.0245064449342
2008-01-07,-0.000849164500128
2008-01-08,-0.0161484370949
2008-01-09,0.0105103372202
2008-01-10,0.00655409036682
2008-01-11,-0.00806850015439
2008-01-14,0.00806282195335
2008-01-15,-0.0220130313142
2008-01-16,-0.0086125901613
2008-01-17,-0.025916219419
2008-01-18,-0.0102675215027
2008-01-22,-0.0101468694579
2008-01-23,0.0240207951656
2008-01-24,0.00844169774086
2008-01-25,-0.0144456067556
2008-01-28,0.0165364695037
2008-01-29,0.00495414342006
2008-01-30,-0.00735780589489
2008-01-31,0.0182343158178
2008-02-01,0.0160879794583
2008-02-04,-0.0126092094674
2008-02-05,-0.0267740700449
2008-02-06,-0.00805190772119
2008-02-07,0.00661397567696
2008-02-08,-0.00642115173868
2008-02-11,0.00511003396098
2008-02-12,0.0092710729754
2008-02-13,0.0102228989971
2008-02-14,-0.00879956510586
2008-02-15,-0.000221932059184
2008-02-19,0.00281193043868
2008-02-20,0.00295155281888
2008-02-21,-0.0083137556878
2008-02-22,0.00615774173536
2008-02-25,0.0126088130803
2008-02-26,0.00750017603319
2008-02-27,-0.00101185394388
2008-02-28,-0.00976708396685
2008-02-29,-0.022283824932
2008-03-03,-0.00239132527512
2008-03-04,-0.00382018573572
2008-03-05,0.00631623283548
2008-03-06,-0.0206979277328
2008-03-07,-0.0103005544076
2008-03-10,-0.0131833094533
2008-03-11,0.0359375491908
2008-03-12,-0.00935147774423
2008-03-13,0.00220761946113
2008-03-14,-0.0154955761102
2008-03-17,-0.0101072309115
2008-03-18,0.0415432711298
2008-03-19,-0.0247698641559
2008-03-20,0.0185227607073
2008-03-24,0.0199878830511
2008-03-25,0.000964998626444
2008-03-26,-0.0122358788751
2008-03-27,-0.00315313942189
2008-03-28,-0.00956472439536
2008-03-31,0.00349788260173
2008-04-01,0.0351594980022
2008-04-02,0.00065878233247
2008-04-03,0.00248716814241
2008-04-04,-0.00109452543791
2008-04-07,0.000511420237756
2008-04-08,-0.0010221946634
2008-04-09,-0.00723582567563
2008-04-10,0.00139882291616
2008-04-11,-0.0194089071185
2008-04-14,-0.00337390415877
2008-04-15,0.00233215062176
2008-04-16,0.0270939688446
2008-04-17,0.00146143429035
2008-04-18,0.0104340882001
2008-04-21,0.000505539537006
2008-04-22,-0.00440274464694
2008-04-23,-0.00159490261919
2008-04-24,0.00435671149044
2008-04-25,0.00925388950282
2008-04-28,0.000214890762067
2008-04-29,-0.00393900136769
2008-04-30,-0.00589593883478
2008-05-01,0.0206856690764
2008-05-02,0.00276360136624
2008-05-05,-0.00480526453584
2008-05-06,0.00866293938853
2008-05-07,-0.0178106196956
2008-05-08,-0.00258027986965
2008-05-09,-0.00186842790743
2008-05-12,0.011231197671
2008-05-13,0.000142311982916
2008-05-14,0.00206440768713
2008-05-15,0.0125026275935
2008-05-16,0.000912121076198
2008-05-19,0.00273376841029
2008-05-20,-0.00810907400736
2008-05-21,-0.0169144687549
2008-05-22,0.000143301607631
2008-05-23,-0.0134040286671
2008-05-27,0.00741066900546
2008-05-28,0.0046155994312
2008-05-29,0.00502510930975
2008-05-30,0.00250003918597
2008-06-02,-0.0103314014052
2008-06-03,-0.00583151627972
2008-06-04,-0.00050685404285
2008-06-05,0.0199970623
2008-06-06,-0.0318937723934
2008-06-09,0.00242131278536
2008-06-10,-0.00497724916937
2008-06-11,-0.0147123771304
2008-06-12,0.0038076333353
2008-06-13,0.012644086834
2008-06-16,0.000587595194495
2008-06-17,-0.00484466122674
2008-06-18,-0.0097367143165
2008-06-19,0.00126627438645
2008-06-20,-0.0162316105572
2008-06-23,-0.000988022618476
2008-06-24,-0.00197789937031
2008-06-25,0.00472592921939
2008-06-26,-0.0271603206873
2008-06-27,-0.00545891166526
2008-06-30,0.00352861476458
2008-07-01,0.00312550211992
2008-07-02,-0.0171366682286
2008-07-03,0.0010302586183
2008-07-07,-0.0102129791707
2008-07-08,0.0177571734127
2008-07-09,-0.0192549322026
2008-07-10,0.00408688522192
2008-07-11,-0.0116520840742
2008-07-14,-0.00904389061892
2008-07-15,-0.0140971634918
2008-07-16,0.0245474972959
2008-07-17,0.010003208465
2008-07-18,0.00623008122077
2008-07-21,0.000555642638174
2008-07-22,0.0113447034411
2008-07-23,0.00541258009016
2008-07-24,-0.0207536549504
2008-07-25,-0.000239017487429
2008-07-28,-0.0146637273652
2008-07-29,0.0213523111344
2008-07-30,0.017817545675
2008-07-31,-0.0132264567134
2008-08-01,-0.00528264858499
2008-08-04,-0.00927398699003
2008-08-05,0.0269621848338
2008-08-06,0.0044405749257
2008-08-07,-0.0148917292813
2008-08-08,0.0185811593959
2008-08-11,0.0103579738105
2008-08-12,-0.0104047125154
2008-08-13,-0.00603014246643
2008-08-14,0.0075444157803
2008-08-15,0.00486339949314
2008-08-18,-0.0136744106992
2008-08-19,-0.0109042917318
2008-08-20,0.00464606639236
2008-08-21,0.00172441817706
2008-08-22,0.0144756701545
2008-08-25,-0.0202853603279
2008-08-26,0.00291294832271
2008-08-27,0.0097339265241
2008-08-28,0.0121277919599
2008-08-29,-0.0107535845312
2008-09-02,-0.00621162518262
2008-09-03,-0.000859447134279
2008-09-04,-0.0301063374452
2008-09-05,0.0031443915822
2008-09-08,0.0206558423728
2008-09-09,-0.0296873522962
2008-09-10,0.00405778863033
2008-09-11,0.0144681609564
2008-09-12,0.00462109695578
2008-09-15,-0.0475850615874
2008-09-16,0.0167374655266
2008-09-17,-0.0449631278504
2008-09-18,0.029671550055
2008-09-19,0.0397138105499
2008-09-22,-0.022639416582
2008-09-23,-0.0227515836368
2008-09-24,0.00320537099104
2008-09-25,0.0156394625138
2008-09-26,0.000496703815581
2008-09-29,-0.0783616102075
2008-09-30,0.0413898421975
2008-10-01,0.000603494325832
2008-10-02,-0.0362743320195
2008-10-03,-0.0135002448452
2008-10-06,-0.0509334310519
2008-10-07,-0.0447861287275
2008-10-08,-0.0251924070466
2008-10-09,-0.0698390450277
2008-10-10,-0.0242557511885
2008-10-13,0.145197720198
2008-10-14,-0.0148001967972
2008-10-15,-0.0984476914708
2008-10-16,0.0416574154585
2008-10-17,-0.00597203835507
2008-10-20,0.0600793830148
2008-10-21,-0.0298552490731
2008-10-22,-0.0544544255856
2008-10-23,0.0115843191143
2008-10-24,-0.0507143712572
2008-10-27,-0.0355009649805
2008-10-28,0.116855337081
2008-10-29,-0.00725257283267
2008-10-30,0.034593912177
2008-10-31,0.00550362387842
2008-11-03,0.00289164936851
2008-11-04,0.0339821145514
2008-11-05,-0.0420276984156
2008-11-06,-0.055411173318
2008-11-07,0.0330178273962
2008-11-10,-0.0131046659109
2008-11-11,-0.0308755276371
2008-11-12,-0.0440013053102
2008-11-13,0.062339765066
2008-11-14,-0.0499067173069
2008-11-17,-0.0132764044701
2008-11-18,0.0188370267634
2008-11-19,-0.0640790232379
2008-11-20,-0.0742331726902
2008-11-21,0.0539430146447
2008-11-24,0.0692907741379
2008-11-25,0.00740920229235
2008-11-26,0.0386411059173
2008-11-28,0.0125884682918
2008-12-01,-0.0885780455568
2008-12-02,0.0384849125361
2008-12-03,0.0240413121978
2008-12-04,-0.0231332623029
2008-12-05,0.0308323224879
2008-12-08,0.0349141262295
2008-12-09,-0.0164835156212
2008-12-10,0.00681565087246
2008-12-11,-0.0240816503145
2008-12-12,0.011939894379
2008-12-15,-0.0139341153041
2008-12-16,0.0470654940818
2008-12-17,-0.0096865517891
2008-12-18,-0.0186833346994
2008-12-19,-0.00430155975012
2008-12-22,-0.0128132905978
2008-12-23,-0.0103376285867
2008-12-24,0.00580315248342
2008-12-26,0.00576967020742
2008-12-29,-0.0028682792665
2008-12-30,0.0237026514085
2008-12-31,0.0142744271542
2009-01-02,0.0301418614157
2009-01-05,-0.00118330965431
2009-01-06,0.00667746154713
2009-01-07,-0.0299561619299
2009-01-08,0.00408076619622
2009-01-09,-0.0214192146559
2009-01-12,-0.0240206509024
2009-01-13,0.00184018782228
2009-01-14,-0.0314544551682
2009-01-15,0.000355556488444
2009-01-16,0.00781985415909
2009-01-20,-0.0527862344418
2009-01-21,0.0431922868728
2009-01-22,-0.0154670116887
2009-01-23,0.00435044946702
2009-01-26,0.0068583758276
2009-01-27,0.0101577379623
2009-01-28,0.033834145198
2009-01-29,-0.0324979506382
2009-01-30,-0.0203430176613
2009-02-02,-0.00301822077273
2009-02-03,0.0140469280021
2009-02-04,-0.00489605091153
2009-02-05,0.0148805649122
2009-02-06,0.0284971421651
2009-02-09,0.00137957651515
2009-02-10,-0.0458093978783
2009-02-11,0.00589578430313
2009-02-12,0.000717761594974
2009-02-13,-0.0107578409044
2009-02-17,-0.0427743042187
2009-02-18,-0.00239841737091
2009-02-19,-0.0107553884091
2009-02-20,-0.00972118497481
2009-02-23,-0.0357788167474
2009-02-24,0.0379102731595
2009-02-25,-0.00787301569887
2009-02-26,-0.0162612157285
2009-02-27,-0.0223486203165
2009-03-02,-0.0450426294946
2009-03-03,-0.00750706990709
2009-03-04,0.023690658548
2009-03-05,-0.0408476406281
2009-03-06,0.00174412158627
2009-03-09,-0.0117527257877
2009-03-10,0.059609432561
2009-03-11,0.00651240360494
2009-03-12,0.0393722672629
2009-03-13,0.00781451293763
2009-03-16,-0.00302266875107
2009-03-17,0.0305826379958
2009-03-18,0.0223842480962
2009-03-19,-0.0123858159444
2009-03-20,-0.021294032073
2009-03-23,0.0718289835298
2009-03-24,-0.0197032646179
2009-03-25,0.0105458834224
2009-03-26,0.0203806455
2009-03-27,-0.0180483601524
2009-03-30,-0.0345545819093
2009-03-31,0.00926507113174
2009-04-01,0.0193662164142
2009-04-02,0.0292376349538
2009-04-03,0.00994847371919
2009-04-06,-0.00783294121605
2009-04-07,-0.0233253121317
2009-04-08,0.0107776684178
2009-04-09,0.0397431111353
2009-04-13,0.00023312031023
2009-04-14,-0.017243427
2009-04-15,0.0106698505288
2009-04-16,0.0146627511948
2009-04-17,0.00670523316001
2009-04-20,-0.0419154995876
2009-04-21,0.019537298708
2009-04-22,-0.00611328924927
2009-04-23,0.00981786527127
2009-04-24,0.0151107012276
2009-04-27,-0.00946235743463
2009-04-28,-0.0031453483945
2009-04-29,0.0212691318074
2009-04-30,0.000343284506237
2009-05-01,0.00537635432311
2009-05-04,0.0340197767722
2009-05-05,-0.00341106706632
2009-05-06,0.0173346574308
2009-05-07,-0.0138918946942
2009-05-08,0.0233326319668
2009-05-11,-0.0187137619655
2009-05-12,-0.0029591922395
2009-05-13,-0.025173138965
2009-05-14,0.00857015818679
2009-05-15,-0.00816193151335
2009-05-18,0.0284072182542
2009-05-19,-0.0012057503288
2009-05-20,-0.00669448098398
2009-05-21,-0.0143630762318
2009-05-22,-0.00212983694245
2009-05-26,0.0256122910912
2009-05-27,-0.0178532857977
2009-05-28,0.0139400105023
2009-05-29,0.0177078733505
2009-06-01,0.0242083432866
2009-06-02,0.000844171671081
2009-06-03,-0.0126515239328
2009-06-04,0.0093966663668
2009-06-05,0.000211615924871
2009-06-08,-0.00412480062224
2009-06-09,0.00509766831416
2009-06-10,-0.0025359069446
2009-06-11,0.00444913522868
2009-06-12,0.00274206165474
2009-06-15,-0.0229280710059
2009-06-16,-0.0135629939181
2009-06-17,-0.000982066283117
2009-06-18,0.00731838369893
2009-06-19,0.00368584154735
2009-06-22,-0.0299869783389
2009-06-23,0.000784040869769
2009-06-24,0.00861784949364
2009-06-25,0.0217487659542
2009-06-26,-0.00260649220115
2009-06-29,0.0093641184662
2009-06-30,-0.00809061602616
2009-07-01,0.00413273869122
2009-07-02,-0.02729344528
2009-07-06,-0.000111294792585
2009-07-07,-0.0193764448435
2009-07-08,-0.000681330413588
2009-07-09,0.00193180090189
2009-07-10,-0.00238174746206
2009-07-13,0.0243292241119
2009-07-14,0.0056604044534
2009-07-15,0.029246230627
2009-07-16,-0.00160841424442
2009-07-17,0.0109547491447
2009-07-20,0.0106236070305
2009-07-21,0.00462527181786
2009-07-22,-0.000209235099412
2009-07-23,0.0220826861557
2009-07-24,0.00409577852878
2009-07-27,0.00295738720414
2009-07-28,-0.00467717199629
2009-07-29,-0.00245170751933
2009-07-30,0.0104454345768
2009-07-31,0.00141886595911
2009-08-03,0.0164963496606
2009-08-04,0.00258856437576
2009-08-05,-0.00287977388524
2009-08-06,-0.00517881474134
2009-08-07,0.0131144067752
2009-08-10,-0.00207509723901
2009-08-11,-0.0124764271608
2009-08-12,0.0107289605613
2009-08-13,0.00763885572294
2009-08-14,-0.0076794121847
2009-08-17,-0.0246056516374
2009-08-18,0.00793407663255
2009-08-19,0.00877991567542
2009-08-20,0.0103041126077
2009-08-21,0.0196059377758
2009-08-24,-9.71387669227e-05
2009-08-25,0.00194254518693
2009-08-26,9.68920586875e-05
2009-08-27,0.00222935218427
2009-08-28,-0.000193458337263
2009-08-31,-0.00889919307832
2009-09-01,-0.0220574026302
2009-09-02,-0.00379238681354
2009-09-03,0.00831498320141
2009-09-04,0.0140089041657
2009-09-08,0.00862242025482
2009-09-09,0.00767438718585
2009-09-10,0.0102188070495
2009-09-11,-0.00019089218576
2009-09-14,0.00486781788588
2009-09-15,0.0041793623687
2009-09-16,0.0151343007777
2009-09-17,-0.00149083209404
2009-09-18,0.00063758993333
2009-09-21,-0.00253002628177
2009-09-22,0.00582436377077
2009-09-23,-0.00831231707534
2009-09-24,-0.0110190111096
2009-09-25,-0.00533286903624
2009-09-28,0.0179033283644
2009-09-29,-0.00300977839173
2009-09-30,-0.00386796050472
2009-10-01,-0.0248129079608
2009-10-02,-0.00466158036739
2009-10-05,0.0149282654731
2009-10-06,0.014324230086
2009-10-07,0.00274855626715
2009-10-08,0.00765593684456
2009-10-09,0.00609699498539
2009-10-12,0.00391570215155
2009-10-13,-0.00204310044816
2009-10-14,0.0172156962867
2009-10-15,0.00365932939605
2009-10-16,-0.00747424587891
2009-10-19,0.00826523245313
2009-10-20,-0.00528282645052
2009-10-21,-0.00897349926243
2009-10-22,0.0101635247885
2009-10-23,-0.0114332669521
2009-10-26,-0.0108253014197
2009-10-27,-0.00458334530146
2009-10-28,-0.0188873808873
2009-10-29,0.0214538698836
2009-10-30,-0.0289733192302
2009-11-02,0.0073387691159
2009-11-03,0.00316335317594
2009-11-04,0.00258000423717
2009-11-05,0.018394971188
2009-11-06,0.0026204849364
2009-11-09,0.0227760817431
2009-11-10,0.000182503715931
2009-11-11,0.00511000789512
2009-11-12,-0.0101679832139
2009-11-13,0.00541139183567
2009-11-16,0.0145046230788
2009-11-17,0.00116893157526
2009-11-18,-0.00062870743216
2009-11-19,-0.013031331942
2009-11-20,-0.00355126498993
2009-11-23,0.0127021809251
2009-11-24,0.00153399842366
2009-11-25,0.00351382944569
2009-11-27,-0.0162506547139
2009-11-30,0.00337686402182
2009-12-01,0.0123703853968
2009-12-02,-0.00044925597432
2009-12-03,-0.00782025037811
2009-12-04,0.0057075999608
2009-12-07,-0.001531446013
2009-12-08,-0.0110970443639
2009-12-09,0.00374050590361
2009-12-10,0.00563536047692
2009-12-11,0.00424802578571
2009-12-14,0.00684008408638
2009-12-15,-0.0046482859465
2009-12-16,0.00152669695855
2009-12-17,-0.0120157491676
2009-12-18,0.00565741692062
2009-12-21,0.0101624423408
2009-12-22,0.00359294110636
2009-12-23,0.00196897014344
2009-12-24,0.00473431712101
2009-12-28,0.00213368707152
2009-12-29,-0.0014194703771
2009-12-30,-0.00035537716008
2009-12-31,-0.0095982457698
2010-01-04,0.0169597964324
2010-01-05,0.00264709733772
2010-01-06,0.000704051330969
2010-01-07,0.00422129535749
2010-01-08,0.00332775978319
2010-01-11,0.00139655980556
2010-01-12,-0.00932623929015
2010-01-13,0.00844623326141
2010-01-14,0.00270456799482
2010-01-15,-0.0112242284879
2010-01-19,0.0124955852797
2010-01-20,-0.0101685903005
2010-01-21,-0.0192291103523
2010-01-22,-0.0222918338963
2010-01-25,0.00512771654907
2010-01-26,-0.00419057498745
2010-01-27,0.00475715630597
2010-01-28,-0.011472298135
2010-01-29,-0.0108685643175
2010-02-01,0.0155507835145
2010-02-02,0.0121034170132
2010-02-03,-0.00498273905004
2010-02-04,-0.0308658776922
2010-02-05,0.00206690260782
2010-02-08,-0.00721923766621
2010-02-09,0.0125602213308
2010-02-10,-0.00195858115814
2010-02-11,0.0104662616122
2010-02-12,-0.00083229884242
2010-02-16,0.0157348822254
2010-02-17,0.00473851608197
2010-02-18,0.00589516869123
2010-02-19,0.00207371952215
2010-02-22,0.000179989994442
2010-02-23,-0.0121447092075
2010-02-24,0.00919772533385
2010-02-25,-0.00135356263997
2010-02-26,0.00063250481698
2010-03-01,0.01038470284
2010-03-02,0.00277055672214
2010-03-03,0.000891314094934
2010-03-04,0.00302757605571
2010-03-05,0.0142933258581
2010-03-08,0.000175029886883
2010-03-09,0.00166274539076
2010-03-10,0.00445572867909
2010-03-11,0.00417496222636
2010-03-12,8.66352901259e-05
2010-03-15,0.000259823391451
2010-03-16,0.00796610740016
2010-03-17,0.00592727828796
2010-03-18,-0.000512359213798
2010-03-19,-0.0050617995008
2010-03-22,0.00534616246908
2010-03-23,0.00703326110834
2010-03-24,-0.0048548484811
2010-03-25,-0.00162611210368
2010-03-26,-0.000600081639002
2010-03-29,0.006347554567
2010-03-30,0.00068191202423
2010-03-31,-0.00340716816585
2010-04-01,0.0068376332982
2010-04-05,0.00814939612321
2010-04-06,0.00235768979629
2010-04-07,-0.00571237219261
2010-04-08,0.00346397344313
2010-04-09,0.00656736865507
2010-04-12,0.00158925075438
2010-04-13,0.00075166456257
2010-04-14,0.0113494151262
2010-04-15,0.000825139543483
2010-04-16,-0.015912277642
2010-04-19,0.00377008569709
2010-04-20,0.00893079719861
2010-04-21,-0.00181992825431
2010-04-22,0.0029835331235
2010-04-23,0.006527852579
2010-04-26,-0.00377637167842
2010-04-27,-0.0236505505946
2010-04-28,0.00759616547411
2010-04-29,0.0123974096939
2010-04-30,-0.0169617943805
2010-05-03,0.0129618806984
2010-05-04,-0.0235147649097
2010-05-05,-0.00595641214908
2010-05-06,-0.0332134660786
2010-05-07,-0.014875155227
2010-05-10,0.0440409945212
2010-05-11,-0.00284091653877
2010-05-12,0.0139859695835
2010-05-13,-0.0124308142328
2010-05-14,-0.0181049951629
2010-05-17,0.000526798923881
2010-05-18,-0.0136024169184
2010-05-19,-0.0056939434978
2010-05-20,-0.0377594972532
2010-05-21,0.0145992202278
2010-05-24,-0.0128311058183
2010-05-25,0.00102127062103
2010-05-26,-0.0060285814528
2010-05-27,0.0334982135021
2010-05-28,-0.0125496528532
2010-06-01,-0.0168236615268
2010-06-02,0.0260392818534
2010-06-03,0.00344418336154
2010-06-04,-0.0351368395627
2010-06-07,-0.0124508640684
2010-06-08,0.0107119536151
2010-06-09,-0.00534608630578
2010-06-10,0.0292314823318
2010-06-11,0.00485569714278
2010-06-14,-0.00154994698961
2010-06-15,0.0227376262568
2010-06-16,-0.000357146290734
2010-06-17,0.00160771197574
2010-06-18,0.00108423277268
2010-06-21,-0.00286404545556
2010-06-22,-0.0165156088885
2010-06-23,-0.00310300990813
2010-06-24,-0.0165705858298
2010-06-25,0.00418921418583
2010-06-28,-0.00315198656626
2010-06-29,-0.0308750999581
2010-06-30,-0.00950002114382
2010-07-01,-0.00445649378854
2010-07-02,-0.00544964911479
2010-07-06,0.00655583715353
2010-07-07,0.0314960404931
2010-07-08,0.00989541995236
2010-07-09,0.00746542477764
2010-07-12,0.000648385926066
2010-07-13,0.0150884461716
2010-07-14,-9.12084969398e-05
2010-07-15,0.000273587865629
2010-07-16,-0.0275346153954
2010-07-19,0.00590659733939
2010-07-20,0.0110914576501
2010-07-21,-0.0129978209023
2010-07-22,0.022321835492
2010-07-23,0.00867900943484
2010-07-26,0.0104156655183
2010-07-27,-8.95833472165e-05
2010-07-28,-0.006454516045
2010-07-29,-0.00487233560207
2010-07-30,-0.000181374992933
2010-08-02,0.0225809889794
2010-08-03,-0.00478894068123
2010-08-04,0.00668329210505
2010-08-05,-0.00106225104788
2010-08-06,-0.00407620118141
2010-08-09,0.00533854247893
2010-08-10,-0.00539871422166
2010-08-11,-0.0274069631925
2010-08-12,-0.00612996682397
2010-08-13,-0.00294577756616
2010-08-16,-0.000461589447443
2010-08-17,0.0122851833962
2010-08-18,0.00182502213362
2010-08-19,-0.0173968829315
2010-08-20,-0.0032443337811
2010-08-23,-0.00381284665711
2010-08-24,-0.014843203316
2010-08-25,0.00388518340619
2010-08-26,-0.0067019005641
2010-08-27,0.0154898594314
2010-08-30,-0.0145049890992
2010-08-31,0.0
2010-09-01,0.0299116998907
2010-09-02,0.00931220906695
2010-09-03,0.0129715786031
2010-09-07,-0.0112724351024
2010-09-08,0.00702302122948
2010-09-09,0.00461910312422
2010-09-10,0.0050487271826
2010-09-13,0.0111230464591
2010-09-14,-0.00062100552954
2010-09-15,0.00381713610978
2010-09-16,-0.00026527914521
2010-09-17,0.000373460149665
2010-09-20,0.0152902518609
2010-09-21,-0.00201379539845
2010-09-22,-0.00491318198009
2010-09-23,-0.00811142847302
2010-09-24,0.020622220189
2010-09-27,-0.00479013675312
2010-09-28,0.00350049104102
2010-09-29,-0.00174410048949
2010-09-30,-0.00297024747583
2010-10-01,0.00420575990216
2010-10-04,-0.00750370993669
2010-10-05,0.0201318698437
2010-10-06,-8.61955536524e-05
2010-10-07,-0.00120657704844
2010-10-08,0.00560877500747
2010-10-11,0.000943887935633
2010-10-12,0.003086159714
2010-10-13,0.00777707939342
2010-10-14,-0.00390094225973
2010-10-15,0.00204323890704
2010-10-18,0.00492778937794
2010-10-19,-0.0131044546509
2010-10-20,0.00976612329773
2010-10-21,0.0022057690312
2010-10-22,0.00186236693833
2010-10-25,0.00295731649115
2010-10-26,0.000168527925534
2010-10-27,-0.0028639170343
2010-10-28,0.000168983483335
2010-10-29,0.000760105028397
2010-11-01,0.000337595606683
2010-11-02,0.00793050261629
2010-11-03,0.00401770650627
2010-11-04,0.0192580619067
2010-11-05,0.00376246602712
2010-11-08,-0.00187420464498
2010-11-09,-0.00718424077217
2010-11-10,0.00402925361948
2010-11-11,-0.0037673964723
2010-11-12,-0.011838228768
2010-11-15,-0.00141429873617
2010-11-16,-0.015579395734
2010-11-17,0.000507769140318
2010-11-18,0.0147183033392
2010-11-19,0.00275093450604
2010-11-22,-0.000831312388328
2010-11-23,-0.014477125923
2010-11-24,0.014774166469
2010-11-26,-0.0116472016939
2010-11-29,0.00303030744111
2010-11-30,-0.00562274515669
2010-12-01,0.0212676591176
2010-12-02,0.0128088161515
2010-12-03,0.00269257595113
2010-12-06,-0.0010578322224
2010-12-07,0.000570210137309
2010-12-08,0.00366357539073
2010-12-09,0.00389360296119
2010-12-10,0.00581772025063
2010-12-13,0.000642627749797
2010-12-14,0.000883114185837
2010-12-15,-0.004572068765
2010-12-16,0.00580179063278
2010-12-17,0.00107115171645
2010-12-20,0.00241347371782
2010-12-21,0.006340298825
2010-12-22,0.00311028882156
2010-12-23,-0.0014310668863
2010-12-27,0.000398109294409
2010-12-28,0.00143255646991
2010-12-29,0.000715222115527
2010-12-30,-0.00158829146671
2010-12-31,0.000238615971197
2011-01-03,0.010337999688
2011-01-04,-0.000550959952006
2011-01-05,0.00519763913269
2011-01-06,-0.00195863511658
2011-01-07,-0.00196247889666
2011-01-10,-0.00125842271936
2011-01-11,0.00354383919171
2011-01-12,0.009024574524
2011-01-13,-0.00163327352289
2011-01-14,0.00724473764145
2011-01-18,0.00170148013656
2011-01-19,-0.00980546237702
2011-01-20,-0.00132552716192
2011-01-21,0.00226416346022
2011-01-24,0.00568676822243
2011-01-25,0.000542158561077
2011-01-26,0.00387086200798
2011-01-27,0.00246786131449
2011-01-28,-0.0174629138695
2011-01-31,0.00751637189231
2011-02-01,0.0160088031796
2011-02-02,-0.00191218483235
2011-02-03,0.00222233822316
2011-02-04,0.00282914352281
2011-02-07,0.00625243498572
2011-02-08,0.00454653749484
2011-02-09,-0.00226298429216
2011-02-10,0.000378042316612
2011-02-11,0.00597032388126
2011-02-14,0.00240396458783
2011-02-15,-0.00314770244608
2011-02-16,0.00631540264172
2011-02-17,0.00298837630356
2011-02-18,0.00208564509345
2011-02-22,-0.0200698443559
2011-02-23,-0.00614426265462
2011-02-24,-0.000687002820826
2011-02-25,0.0106928021709
2011-02-28,0.00619656987795
2011-03-01,-0.0166729306885
2011-03-02,0.00213865205488
2011-03-03,0.0172242540415
2011-03-04,-0.00749231741443
2011-03-07,-0.00785089595569
2011-03-08,0.00874996868978
2011-03-09,-0.00143311648611
2011-03-10,-0.0185058989277
2011-03-11,0.00692622292231
2011-03-14,-0.00603785785467
2011-03-15,-0.011457178068
2011-03-16,-0.0185127296963
2011-03-17,0.0132350428318
2011-03-18,0.00363718597446
2011-03-21,0.0154978388424
2011-03-22,-0.00346856818415
2011-03-23,0.00286185884885
2011-03-24,0.00956339731017
2011-03-25,0.00305584021657
2011-03-28,-0.00243722097217
2011-03-29,0.00671861657205
2011-03-30,0.00690129016582
2011-03-31,-0.00135579308303
2011-04-01,0.00422353416423
2011-04-04,0.000826134787806
2011-04-05,-0.000149993937333
2011-04-06,0.0031521888146
2011-04-07,-0.00254374106146
2011-04-08,-0.00345039522291
2011-04-11,-0.00301064043907
2011-04-12,-0.00747399434402
2011-04-13,-7.60223541034e-05
2011-04-14,0.000760615623201
2011-04-15,0.00364849531558
2011-04-18,-0.0112086951603
2011-04-19,0.00574448973032
2011-04-20,0.013631928458
2011-04-21,0.00510888690028
2011-04-25,-0.00104649121844
2011-04-26,0.00860516504672
2011-04-27,0.00652870696732
2011-04-28,0.00324318386637
2011-04-29,0.00235097600431
2011-05-02,-0.00153918871073
2011-05-03,-0.00359716148938
2011-05-04,-0.00663076490084
2011-05-05,-0.00904843725567
2011-05-06,0.00441580623948
2011-05-09,0.00387484335722
2011-05-10,0.00853618057028
2011-05-11,-0.0105247101436
2011-05-12,0.00476048483536
2011-05-13,-0.00769920818312
2011-05-16,-0.00634132453683
2011-05-17,-0.000150191200428
2011-05-18,0.00893596306892
2011-05-19,0.00238160518051
2011-05-20,-0.00794469829373
2011-05-23,-0.0116009558205
2011-05-24,-0.000832953540353
2011-05-25,0.00333460880049
2011-05-26,0.00460760611457
2011-05-27,0.00383454630826
2011-05-31,0.0104111983115
2011-06-01,-0.0224610731434
2011-06-02,-0.00106164859023
2011-06-03,-0.00994455881176
2011-06-06,-0.0105812414632
2011-06-07,-0.000619858747546
2011-06-08,-0.00418740620739
2011-06-09,0.00763117050444
2011-06-10,-0.0139103195923
2011-06-13,0.000783686706311
2011-06-14,0.0126860635582
2011-06-15,-0.0177854143916
2011-06-16,0.00220442415077
2011-06-17,0.00298410867926
2011-06-20,0.00511604299096
2011-06-21,0.0137039922089
2011-06-22,-0.00602547883852
2011-06-23,-0.00287553557001
2011-06-24,-0.0116134493503
2011-06-27,0.0089110097012
2011-06-28,0.0130529731034
2011-06-29,0.00856416300638
2011-06-30,0.0095624208753
2011-07-01,0.0147760685416
2011-07-05,-0.000821393261035
2011-07-06,0.00119575200058
2011-07-07,0.0103754517987
2011-07-08,-0.00709224922164
2011-07-11,-0.0180803044099
2011-07-12,-0.00431921365628
2011-07-13,0.00334856708104
2011-07-14,-0.00690232992416
2011-07-15,0.00580470482762
2011-07-18,-0.00820109733033
2011-07-19,0.0162314986168
2011-07-20,-0.000602745039381
2011-07-21,0.0138711756836
2011-07-22,0.000669172655708
2011-07-25,-0.00557289853684
2011-07-26,-0.00373608372966
2011-07-27,-0.0204754815978
2011-07-28,-0.00290968149996
2011-07-29,-0.00683458140952
2011-08-01,-0.00425270758091
2011-08-02,-0.0255474547882
2011-08-03,0.00541875668539
2011-08-04,-0.0468415338016
2011-08-05,-0.00149675429748
2011-08-08,-0.0651232463759
2011-08-09,0.0464992030354
2011-08-10,-0.0441777483168
2011-08-11,0.0448837912862
2011-08-12,0.00673315210925
2011-08-15,0.0211649204248
2011-08-16,-0.00853926912912
2011-08-17,0.000668962521363
2011-08-18,-0.0431185394546
2011-08-19,-0.0163304798197
2011-08-22,0.000799049036783
2011-08-23,0.0329104837004
2011-08-24,0.0140844961923
2011-08-25,-0.0152439221249
2011-08-26,0.0145339051991
2011-08-29,0.0287361065303
2011-08-30,0.00263678655949
2011-08-31,0.00443787098113
2011-09-01,-0.0104729037627
2011-09-02,-0.0255498945591
2011-09-06,-0.00729741684048
2011-09-07,0.0282075716886
2011-09-08,-0.0103915601937
2011-09-09,-0.0262097020682
2011-09-12,0.00646998545151
2011-09-13,0.00917116662212
2011-09-14,0.0138440981147
2011-09-15,0.0172572472186
2011-09-16,0.00591854644089
2011-09-19,-0.00995720444475
2011-09-20,-0.00116364831892
2011-09-21,-0.0294582811814
2011-09-22,-0.0323244188737
2011-09-23,0.00602517530628
2011-09-26,0.0237801296331
2011-09-27,0.0111837924092
2011-09-28,-0.0204185975102
2011-09-29,0.00790345015772
2011-09-30,-0.0249892356055
2011-10-03,-0.0284578147634
2011-10-04,0.0219230104249
2011-10-05,0.0185152414631
2011-10-06,0.018091231474
2011-10-07,-0.00669583808914
2011-10-10,0.0334457065278
2011-10-11,0.00100346972881
2011-10-12,0.00877195418431
2011-10-13,-0.00198755803726
2011-10-14,0.0170939954962
2011-10-17,-0.0190910957779
2011-10-18,0.0195458528519
2011-10-19,-0.0118290493472
2011-10-20,0.00437552300321
2011-10-21,0.018987320011
2011-10-24,0.0122610057692
2011-10-25,-0.0194437473351
2011-10-26,0.0101584718343
2011-10-27,0.0348350928916
2011-10-28,-0.000233212852312
2011-10-31,-0.0241058065496
2011-11-01,-0.0278884459673
2011-11-02,0.0163114650204
2011-11-03,0.0182272864889
2011-11-04,-0.00609897662616
2011-11-07,0.00621611521863
2011-11-08,0.0128306262382
2011-11-09,-0.0369095477396
2011-11-10,0.00941860504399
2011-11-11,0.0188224302884
2011-11-14,-0.00947422119095
2011-11-15,0.0049418357952
2011-11-16,-0.015862943747
2011-11-17,-0.0158768589738
2011-11-18,-0.00106459156099
2011-11-21,-0.0190195091043
2011-11-22,-0.0039278105282
2011-11-23,-0.0220656515294
2011-11-25,-0.00188744609293
2011-11-28,0.0289668453135
2011-11-29,0.00284022582893
2011-11-30,0.0411494850915
2011-12-01,-0.000159988169782
2011-12-02,-0.000880214086232
2011-12-05,0.0108922018962
2011-12-06,0.000316911222385
2011-12-07,0.00372249181376
2011-12-08,-0.0219364552819
2011-12-09,0.0169423714894
2011-12-12,-0.0145974175025
2011-12-13,-0.00933899491952
2011-12-14,-0.0106461122046
2011-12-15,0.00361427163034
2011-12-16,0.00148258644286
2011-12-19,-0.0106916343004
2011-12-20,0.0302602018614
2011-12-21,0.0019365530522
2011-12-22,0.0088588132145
2011-12-23,0.00894071011414
2011-12-27,0.0007911898273
2011-12-28,-0.0131235380604
2011-12-29,0.0103340624508
2011-12-30,-0.00491597324287
2012-01-03,0.0159362514965
2012-01-04,0.00156860364074
2012-01-05,0.0026624637487
2012-01-06,-0.00257727367017
2012-01-09,0.00242741927071
2012-01-10,0.00867052160753
2012-01-11,0.000542027896277
2012-01-12,0.00239936502173
2012-01-13,-0.00517333410156
2012-01-17,0.00388078377332
2012-01-18,0.0110561880841
2012-01-19,0.00527645760338
2012-01-20,0.00372730096587
2012-01-23,-0.00257670798153
2012-01-24,-0.00113968844642
2012-01-25,0.00836749585328
2012-01-26,-0.00512969317725
2012-01-27,-0.00045494708497
2012-01-30,-0.0034138369571
2012-01-31,-0.000380505823586
2012-02-01,0.00875718516427
2012-02-02,0.00158520201216
2012-02-03,0.0140186916669
2012-02-06,-0.000668916143536
2012-02-07,0.00252879597411
2012-02-08,0.00296764118433
2012-02-09,0.00125747690745
2012-02-10,-0.00738770112558
2012-02-13,0.00744268546134
2012-02-14,-0.00125589764516
2012-02-15,-0.00466013720148
2012-02-16,0.0110731619088
2012-02-17,0.00264608976511
2012-02-21,0.000439838886794
2012-02-22,-0.00322417268809
2012-02-23,0.00441083888589
2012-02-24,0.00219562083485
2012-02-27,0.00167977179
2012-02-28,0.0029162577653
2012-02-29,-0.00392551310519
2012-03-01,0.00518166587125
2012-03-02,-0.00304943697861
2012-03-05,-0.00407834457837
2012-03-06,-0.0146252253333
2012-03-07,0.00697589543082
2012-03-08,0.00994908743551
2012-03-09,0.00386758069661
2012-03-12,7.26520960797e-05
2012-03-13,0.0180258452355
2012-03-14,-0.00107092959975
2012-03-15,0.00578942250083
2012-03-16,0.00138469178304
2012-03-19,0.00392019405446
2012-03-20,-0.00291092751876
2012-03-21,-0.00163767623624
2012-03-22,-0.00720355360136
2012-03-23,0.00323274025268
2012-03-26,0.014035138185
2012-03-27,-0.00310714814902
2012-03-28,-0.00495853585956
2012-03-29,-0.00170859248013
2012-03-30,0.00413607894591
2012-04-02,0.00731481199622
2012-04-03,-0.00408912325659
2012-04-04,-0.00991076132759
2012-04-05,-0.000500556383302
2012-04-09,-0.0112310776505
2012-04-10,-0.016784887155
2012-04-11,0.00809423492696
2012-04-12,0.0130656448116
2012-04-13,-0.0118884238063
2012-04-16,-0.000656235789089
2012-04-17,0.0148121071408
2012-04-18,-0.00337935888504
2012-04-19,-0.00642089007577
2012-04-20,0.00167002070471
2012-04-23,-0.00840886976957
2012-04-24,0.0038014779608
2012-04-25,0.0136916830727
2012-04-26,0.00696890265201
2012-04-27,0.0016409478281
2012-04-30,-0.0037039970624
2012-05-01,0.00622013404226
2012-05-02,-0.00298421432081
2012-05-03,-0.00762547196844
2012-05-04,-0.0161579920595
2012-05-07,0.000729969383706
2012-05-08,-0.00401169375489
2012-05-09,-0.00593187527419
2012-05-10,0.00206276152869
2012-05-11,-0.00301429308922
2012-05-14,-0.0110611304355
2012-05-15,-0.00574158757832
2012-05-16,-0.00382476773487
2012-05-17,-0.0148309954105
2012-05-18,-0.00855872559729
2012-05-21,0.0171881871036
2012-05-22,0.0017427927247
2012-05-23,0.000529551543096
2012-05-24,0.00196563347008
2012-05-25,-0.00324449199212
2012-05-29,0.0121119703874
2012-05-30,-0.0145101211126
2012-05-31,-0.0022009217754
2012-06-01,-0.0251768238734
2012-06-04,-0.00046814201654
2012-06-05,0.00757221251704
2012-06-06,0.0224683802466
2012-06-07,0.000606213497686
2012-06-08,0.0079515603829
2012-06-11,-0.0126972419398
2012-06-12,0.0114907087685
2012-06-13,-0.00639475528441
2012-06-14,0.0106003939042
2012-06-15,0.0102272413821
2012-06-18,0.00193823398973
2012-06-19,0.00967264309258
2012-06-20,-0.00162123200817
2012-06-21,-0.0224386878079
2012-06-22,0.00770162676868
2012-06-25,-0.0160347586783
2012-06-26,0.00502580056486
2012-06-27,0.00901653755478
2012-06-28,-0.00285353260373
2012-06-29,0.0249266753668
2012-07-02,0.00301240855603
2012-07-03,0.00659298695892
2012-07-05,-0.00451211697954
2012-07-06,-0.00950352997509
2012-07-09,-0.00125469045271
2012-07-10,-0.00872013193275
2012-07-11,0.000149127031881
2012-07-12,-0.00484503023771
2012-07-13,0.0167778182626
2012-07-16,-0.00235732967207
2012-07-17,0.0068670747054
2012-07-18,0.00740681892882
2012-07-19,0.002620667141
2012-07-20,-0.00914829242918
2012-07-23,-0.0101121454345
2012-07-24,-0.00858690093318
2012-07-25,0.00022410688349
2012-07-26,0.0164973915158
2012-07-27,0.0184328077209
2012-07-30,0.0
2012-07-31,-0.00699441940358
2012-08-01,-0.000871470616951
2012-08-02,-0.00690455358101
2012-08-03,0.0198331890386
2012-08-06,0.00193748804099
2012-08-07,0.00501369759732
2012-08-08,0.00121150233198
2012-08-09,0.000854116657625
2012-08-10,0.00163569762232
2012-08-13,-0.000496958915459
2012-08-14,0.000141994236123
2012-08-15,0.0011364710566
2012-08-16,0.0073785632704
2012-08-17,0.00133803533282
2012-08-20,7.04011524384e-05
2012-08-21,-0.00302417952218
2012-08-22,0.000423340859281
2012-08-23,-0.00817940533288
2012-08-24,0.0060428775637
2012-08-27,0.000211986189328
2012-08-28,-0.000989110929178
2012-08-29,0.000777939136572
2012-08-30,-0.00720789508785
2012-08-31,0.00476900686404
2012-09-04,-0.000920972557474
2012-09-05,-0.000850846308862
2012-09-06,0.0202966423351
2012-09-07,0.0038950907422
2012-09-10,-0.00568147496211
2012-09-11,0.00278733151256
2012-09-12,0.00333538928357
2012-09-13,0.0152364874382
2012-09-14,0.00443419939166
2012-09-17,-0.0033958147661
2012-09-18,-0.000817842579489
2012-09-19,0.000545637221673
2012-09-20,6.82320078664e-05
2012-09-21,-0.000418045011479
2012-09-24,-0.00150820279361
2012-09-25,-0.0106418677831
2012-09-26,-0.00562118366751
2012-09-27,0.00942149837035
2012-09-28,-0.00463217796958
2012-10-01,0.00263946818862
2012-10-02,0.00103909797638
2012-10-03,0.00408302332077
2012-10-04,0.00716802583572
2012-10-05,6.83885321182e-05
2012-10-08,-0.00342137483832
2012-10-09,-0.00988741079026
2012-10-10,-0.00638001455676
2012-10-11,0.00055836435745
2012-10-12,-0.00327846950833
2012-10-15,0.0083280954065
2012-10-16,0.0101332031125
2012-10-17,0.00453486012723
2012-10-18,-0.00259910368533
2012-10-19,-0.0166644368741
2012-10-22,0.000139512563454
2012-10-23,-0.0138763425097
2012-10-24,-0.0028284094387
2012-10-25,0.00290730643309
2012-10-26,-0.000565552339942
2012-10-31,0.0
2012-11-01,0.0104704312989
2012-11-02,-0.00889171726577
2012-11-05,0.0020486591021
2012-11-06,0.00782516848602
2012-11-07,-0.0226637204873
2012-11-08,-0.0120241027783
2012-11-09,0.000869391271443
2012-11-12,0.000796183875807
2012-11-13,-0.0034715511251
2012-11-14,-0.0134988094521
2012-11-15,-0.00169201180149
2012-11-16,0.00493734881654
2012-11-19,0.0202391260278
2012-11-20,0.000431235074081
2012-11-21,0.00186791120956
2012-11-23,0.0136250213051
2012-11-26,-0.00212241155517
2012-11-27,-0.0051045815798
2012-11-28,0.0080524826178
2012-11-29,0.00466554636817
2012-11-30,0.000211077426972
2012-12-03,-0.00492435156058
2012-12-04,-0.00141390478782
2012-12-05,0.0017699104918
2012-12-06,0.00339219086982
2012-12-07,0.00302865456487
2012-12-10,0.000421302833173
2012-12-11,0.00680845861193
2012-12-12,0.000487956256535
2012-12-13,-0.00613190571263
2012-12-14,-0.00371590206273
2012-12-17,0.0117522777804
2012-12-18,0.0111288159039
2012-12-19,-0.00742933146136
2012-12-20,0.00575231865511
2012-12-21,-0.00907716348648
2012-12-24,-0.00308135937929
2012-12-26,-0.00421500595995
2012-12-27,-0.00134040334592
2012-12-28,-0.0108081246635
2012-12-31,0.0169963902408
2013-01-02,0.0256301756866
2013-01-03,-0.0022593526095
2013-01-04,0.00439167956224
2013-01-07,-0.00273275925776
2013-01-08,-0.00287729499533
2013-01-09,0.0025420504042
2013-01-10,0.00794958712206
2013-01-11,-6.79548984733e-05
2013-01-14,-0.000679985950364
2013-01-15,0.000680448645883
2013-01-16,-0.000136014885943
2013-01-17,0.00646036551044
2013-01-18,0.0022297367235
2013-01-22,0.00539340049337
2013-01-23,0.00160926907107
2013-01-24,0.00026784833847
2013-01-25,0.00562208960314
2013-01-28,-0.00119795132101
2013-01-29,0.00393147267723
2013-01-30,-0.00391607672856
2013-01-31,-0.00246558677007
2013-02-01,0.0102873026274
2013-02-04,-0.0112404969584
2013-02-05,0.010097697194
2013-02-06,0.000728245134832
2013-02-07,-0.0013230813355
2013-02-08,0.00556435679168
2013-02-11,-0.000197618684847
2013-02-12,0.00164723123861
2013-02-13,0.000855084559598
2013-02-14,0.000920137149926
2013-02-15,-0.00118190422005
2013-02-19,0.00749456930791
2013-02-20,-0.0124633183116
2013-02-21,-0.00607901596528
2013-02-22,0.00977264381791
2013-02-25,-0.0190269197014
2013-02-26,0.00684566302191
2013-02-27,0.0125983186735
2013-02-28,-0.00197487719951
2013-03-01,0.00329793933258
2013-03-04,0.00532507277239
2013-03-05,0.00895890364856
2013-03-06,0.00136111852591
2013-03-07,0.00181229001997
2013-03-08,0.00426413722512
2013-03-11,0.00379565186265
2013-03-12,-0.00224319575722
2013-03-13,0.0014131666585
2013-03-14,0.00532393617317
2013-03-15,-0.00132023046154
2013-03-18,-0.00551883335196
2013-03-19,-0.00232303750052
2013-03-20,0.006985332725
2013-03-21,-0.0085426305734
2013-03-22,0.00803320594803
2013-03-25,-0.0041774381912
2013-03-26,0.00800261826419
2013-03-27,0.0
2013-03-28,0.00307315509641
2013-04-01,-0.00395733596434
2013-04-02,0.00493434394081
2013-04-03,-0.0101390819679
2013-04-04,0.00405852401632
2013-04-05,-0.00449119405428
2013-04-08,0.00676723252239
2013-04-09,0.00345684031698
2013-04-10,0.0122487938744
2013-04-11,0.00327726368306
2013-04-12,-0.00244989330105
2013-04-15,-0.0231738572904
2013-04-16,0.0147628190428
2013-04-17,-0.0146115442439
2013-04-18,-0.00625363323435
2013-04-19,0.0086933761384
2013-04-22,0.00443788033029
2013-04-23,0.0103092888268
2013-04-24,0.000633827804505
2013-04-25,0.00405370827201
2013-04-26,-0.00176632821481
2013-04-29,0.00669866984204
2013-04-30,0.00238537139918
2013-05-01,-0.00876749749544
2013-05-02,0.00928734409657
2013-05-03,0.0101408159445
2013-05-06,0.0025407651518
2013-05-07,0.00506865872228
2013-05-08,0.00455098210014
2013-05-09,-0.00281615876753
2013-05-10,0.00325392499134
2013-05-13,0.000795482450887
2013-05-14,0.0103338772701
2013-05-15,0.00538642731444
2013-05-16,-0.00469539622827
2013-05-17,0.00967707051131
2013-05-20,-5.9961227358e-05
2013-05-21,0.00143775881293
2013-05-22,-0.00741763288769
2013-05-23,-0.00289275625233
2013-05-24,-0.000846175401246
2013-05-28,0.00598878354445
2013-05-29,-0.0064943011069
2013-05-30,0.00369205303801
2013-05-31,-0.0143520767642
2013-06-03,0.00550632796641
2013-06-04,-0.00480687006748
2013-06-05,-0.0140009375163
2013-06-06,0.00905309066566
2013-06-07,0.0127205005875
2013-06-10,0.0
2013-06-11,-0.0103155158106
2013-06-12,-0.00827716609109
2013-06-13,0.015208696181
2013-06-14,-0.00627254218887
2013-06-17,0.00772159868412
2013-06-18,0.00790563488419
2013-06-19,-0.0138168718466
2013-06-20,-0.0247782413715
2013-06-21,0.0032102329973
2013-06-24,-0.0126360047972
2013-06-25,0.0096142259151
2013-06-26,0.00990093330448
2013-06-27,0.00586988520162
2013-06-28,-0.00409736993804
2013-07-01,0.00585963313698
2013-07-02,-0.000929556754148
2013-07-03,0.000434164787157
2013-07-05,0.0107887224713
2013-07-08,0.00570478178345
2013-07-09,0.00719735933921
2013-07-10,0.000363337697388
2013-07-11,0.0136206797377
2013-07-12,0.000418010674405
2013-07-15,0.00382066559036
2013-07-16,-0.00374659430564
2013-07-17,0.00256681824345
2013-07-18,0.00547780685593
2013-07-19,0.00177653030976
2013-07-22,0.00195071338773
2013-07-23,-0.00212389746545
2013-07-24,-0.00366557281112
2013-07-25,0.00243287861341
2013-07-26,0.00106557648059
2013-07-29,-0.00307495021516
2013-07-30,0.0
2013-07-31,0.000711850931923
2013-08-01,0.0115582733602
2013-08-02,0.00169924921787
2013-08-05,-0.00146241950131
2013-08-06,-0.00568248854983
2013-08-07,-0.00324046007088
2013-08-08,0.00366479515666
2013-08-09,-0.0028857792187
2013-08-12,-0.00118124393213
2013-08-13,0.00295665627666
2013-08-14,-0.00512938852219
2013-08-15,-0.0139860142976
2013-08-16,-0.00330570535455
2013-08-19,-0.00639207763185
2013-08-20,0.00491592898186
2013-08-21,-0.0061601878034
2013-08-22,0.00911521912551
2013-08-23,0.00337225722101
2013-08-26,-0.00372101189213
2013-08-27,-0.0160843294814
2013-08-28,0.00355110992798
2013-08-29,0.00158620191583
2013-08-30,-0.00316747784911
2013-09-03,0.00452188180525
2013-09-04,0.00827301487375
2013-09-05,0.00126700614005
2013-09-06,0.000481962712747
2013-09-09,0.00957607764522
2013-09-10,0.00739718384303
2013-09-11,0.00313850063225
2013-09-12,-0.00265641696252
2013-09-13,0.00224921761356
2013-09-16,0.00578748946803
2013-09-17,0.00446250691991
2013-09-18,0.0115741849052
2013-09-19,-0.00167586770793
2013-09-20,-0.00699146738426
2013-09-23,-0.0046275083832
2013-09-24,-0.00235387751705
2013-09-25,-0.00289037476985
2013-09-26,0.00384529821701
2013-09-27,-0.00459661045002
2013-09-30,-0.00532833460846
2013-10-01,0.00791620570538
2013-10-02,-0.000944868063333
2013-10-03,-0.00922093479072
2013-10-04,0.00757668601314
2013-10-07,-0.00864471729808
2013-10-08,-0.0116466382984
2013-10-09,0.000725224694464
2013-10-10,0.0215579210013
2013-10-11,0.00644320088834
2013-10-14,0.00399394189357
2013-10-15,-0.00725404106327
2013-10-16,0.0139658797341
2013-10-17,0.00668329078366
2013-10-18,0.00675440935575
2013-10-21,5.7310832932e-05
2013-10-22,0.00579134080122
2013-10-23,-0.00478876022104
2013-10-24,0.00332236996038
2013-10-25,0.00456753509568
2013-10-28,0.00159135042975
2013-10-29,0.00533395459914
2013-10-30,-0.00496701018504
2013-10-31,-0.00283623397353
2013-11-01,0.00238928950483
2013-11-04,0.00351849987121
2013-11-05,-0.00316686801926
2013-11-06,0.00510576976605
2013-11-07,-0.0126432531384
2013-11-08,0.0134911132868
2013-11-11,0.000169294949917
2013-11-12,-0.00203023121926
2013-11-13,0.00802439818146
2013-11-14,0.00498934633039
2013-11-15,0.00435097239504
2013-11-18,-0.00349905771132
2013-11-19,-0.00217366453263
2013-11-20,-0.00312795218578
2013-11-21,0.0080685966767
2013-11-22,0.00500246216856
2013-11-25,-0.000995474592669
2013-11-26,0.000276737756353
2013-11-27,0.00243526204072
2013-11-29,-0.000662517782943
2013-12-02,-0.0025966927974
2013-12-03,-0.00432060513157
2013-12-04,-0.000111292921722
2013-12-05,-0.00439544481758
2013-12-06,0.0111769352031
2013-12-09,0.00254222904671
2013-12-10,-0.00358320384832
2013-12-11,-0.0112309768808
2013-12-12,-0.00330123439121
2013-12-13,-0.000112299070652
2013-12-16,0.00623210437563
2013-12-17,-0.0031804858312
2013-12-18,0.0170725012078
2013-12-19,-0.00115570226106
2013-12-20,0.00581676525809
2013-12-23,0.00534259445955
2013-12-24,0.00219138410457
2013-12-26,0.00508395496615
2013-12-27,-5.43602646966e-05
2013-12-30,-0.000163170600352
2013-12-31,0.00473286421141
2014-01-02,-0.00958364849904
2014-01-03,-0.000164000197663
2014-01-06,-0.00289790893085
2014-01-07,0.00614167005849
2014-01-08,0.000218053608306
2014-01-09,0.000653856041463
2014-01-10,0.00272271643937
2014-01-13,-0.013305078808
2014-01-14,0.0108976633243
2014-01-15,0.0053901327615
2014-01-16,-0.00129971949583
2014-01-17,-0.00422946748241
2014-01-21,0.002940499026
2014-01-22,0.000651593815347
2014-01-23,-0.0081932150404
2014-01-24,-0.0213359274606
2014-01-27,-0.00491925033484
2014-01-28,0.00595478924521
2014-01-29,-0.00960518701872
2014-01-30,0.0106004456527
2014-01-31,-0.00585840803808
2014-02-03,-0.0225053047196
2014-02-04,0.00700465796102
2014-02-05,-0.00125435263279
2014-02-06,0.0131871743171
2014-02-07,0.0123957484507
2014-02-10,0.00183660900075
2014-02-11,0.0109438408317
2014-02-12,0.000494623753513
2014-02-13,0.00516278137751
2014-02-14,0.00551887843785
2014-02-18,0.00119552712498
2014-02-19,-0.00662180430376
2014-02-20,0.00590100753176
2014-02-21,-0.00114072397644
2014-02-24,0.00554681926876
2014-02-25,-0.000378602505911
2014-02-26,5.41525612385e-05
2014-02-27,0.00524750557926
2014-02-28,0.0025292532009
2014-03-03,-0.00703203636846
2014-03-04,0.0140556099337
2014-03-05,0.000906268001979
2014-03-06,0.00229024403811
2014-03-07,0.000425130243125
2014-03-10,-0.000531129108294
2014-03-11,-0.00494264363137
2014-03-12,0.000267068068295
2014-03-13,-0.0112131886082
2014-03-14,-0.00280801934084
2014-03-17,0.00904363541785
2014-03-18,0.00713788564809
2014-03-19,-0.00532878787305
2014-03-20,0.00583947292799
2014-03-21,-0.00387853335679
2014-03-24,-0.00413536238504
2014-03-25,0.00474575711318
2014-03-26,-0.00719229707604
2014-03-27,-0.00210844625097
2014-03-28,0.00493013335327
2014-03-31,0.00819445163218
2014-04-01,0.00663069177309
2014-04-02,0.00334663957867
2014-04-03,-0.00132359591268
2014-04-04,-0.011822140759
2014-04-07,-0.0110514905348
2014-04-08,0.00412287257211
2014-04-09,0.0107508913115
2014-04-10,-0.0210058985556
2014-04-11,-0.00900856672442
2014-04-14,0.00787840222886
2014-04-15,0.00688747081631
2014-04-16,0.0104777864581
2014-04-17,0.0013968459912
2014-04-21,0.00348727506239
2014-04-22,0.0045445164655
2014-04-23,-0.00234181092069
2014-04-24,0.00202723480525
2014-04-25,-0.00819895070788
2014-04-28,0.00316717192618
2014-04-29,0.00465536494223
2014-04-30,0.00298267475465
2014-05-01,0.000106235615917
2014-05-02,-0.00143368008295
2014-05-05,0.00191428795167
2014-05-06,-0.00870395447664
2014-05-07,0.0058893140475
2014-05-08,-0.00106457348275
2014-05-09,0.00149197542203
2014-05-12,0.00973604092386
2014-05-13,0.000895799351473
2014-05-14,-0.00473789135164
2014-05-15,-0.00878029874762
2014-05-16,0.00346856506324
2014-05-19,0.0036692506553
2014-05-20,-0.00630498627119
2014-05-21,0.00842443310398
2014-05-22,0.00243214263575
2014-05-23,0.00400870473017
2014-05-27,0.00614656094819
2014-05-28,-0.000730991841655
2014-05-29,0.00517290202765
2014-05-30,0.00161146461633
2014-06-02,0.00114179694325
2014-06-03,-0.000518357819912
2014-06-04,0.00202282343694
2014-06-05,0.00652204519584
2014-06-06,0.00478276271016
2014-06-09,0.00102363215712
2014-06-10,0.000102281266145
2014-06-11,-0.00347652569858
2014-06-12,-0.00707985434407
2014-06-13,0.00304852979878
2014-06-16,0.000824127403781
2014-06-17,0.00277939630187
2014-06-18,0.00733969539196
2014-06-19,0.00112096389371
2014-06-20,0.0020302550914
2014-06-23,-0.000306206202601
2014-06-24,-0.0060241364524
2014-06-25,0.0045197998541
2014-06-26,-0.000715817813303
2014-06-27,0.00194435895101
2014-06-30,-0.000510704806571
2014-07-01,0.00669322417936
2014-07-02,0.00101505679789
2014-07-03,0.00491812389944
2014-07-07,-0.00348134873969
2014-07-08,-0.00642999673597
2014-07-09,0.00448424986752
2014-07-10,-0.00395697452598
2014-07-11,0.00137518778321
2014-07-14,0.00503538054543
2014-07-15,-0.0018725231314
2014-07-16,0.00370131546056
2014-07-17,-0.0113659314089
2014-07-18,0.0102192020734
2014-07-21,-0.00187148131397
2014-07-22,0.00435796834622
2014-07-23,0.00221998718913
2014-07-24,5.03168276731e-05
2014-07-25,-0.00468156233153
2014-07-28,0.000404620698059
2014-07-29,-0.00429730287158
2014-07-30,0.000152320635687
2014-07-31,-0.0197481987182
2014-08-01,-0.00305554949047
2014-08-04,0.00722077636808
2014-08-05,-0.0096962456763
2014-08-06,0.000312550340126
2014-08-07,-0.00541473519088
2014-08-08,0.0115688972193
2014-08-11,0.00289793794237
2014-08-12,-0.00139321135048
2014-08-13,0.00676896530592
2014-08-14,0.00472181515076
2014-08-15,-0.000204298279124
2014-08-18,0.00837931324715
2014-08-19,0.00521888196323
2014-08-20,0.00267150083328
2014-08-21,0.00291575589611
2014-08-22,-0.00155387365053
2014-08-25,0.00507050514751
2014-08-26,0.000649379470879
2014-08-27,-0.000399354351983
2014-08-28,-0.000549313861267
2014-08-29,0.00284804249235
2014-09-02,-0.000498262247835
2014-09-03,-0.000548328100408
2014-09-04,-0.00144635002074
2014-09-05,0.00449524899021
2014-09-08,-0.00258567532154
2014-09-09,-0.00633126598332
2014-09-10,0.00376279487695
2014-09-11,0.00114957328377
2014-09-12,-0.00584122906008
2014-09-15,-0.000753318294894
2014-09-16,0.00753844396235
2014-09-17,0.00134678955224
2014-09-18,0.00533004593541
2014-09-19,-0.000901060268718
2014-09-22,-0.00772298638611
2014-09-23,-0.00572432371169
2014-09-24,0.00782790458361
2014-09-25,-0.0161355091495
2014-09-26,0.0079453903167
2014-09-29,-0.0018191010189
2014-09-30,-0.0026323252661
2014-10-01,-0.0135519108796
2014-10-02,0.000154352178282
2014-10-03,0.0110093619812
2014-10-06,-0.00117042073076
2014-10-07,-0.015436337885
2014-10-08,0.0174894146561
2014-10-09,-0.0198331657921
2014-10-10,-0.0114144038174
2014-10-13,-0.0164269414434
2014-10-14,0.00154737259987
2014-10-15,-0.00676614180378
2014-10-16,-0.000858168719931
2014-10-17,0.0118107990161
2014-10-20,0.00970977810243
2014-10-21,0.0198108439242
2014-10-22,-0.00711086013161
2014-10-23,0.0116248401841
2014-10-24,0.00769507112786
2014-10-27,-0.00137448111134
2014-10-28,0.0114702267199
2014-10-29,-0.00151203232249
2014-10-30,0.0064105988678
2014-10-31,0.011435445159
2014-11-03,0.000545471966668
2014-11-04,-0.00346927867075
2014-11-05,0.00631615370411
2014-11-06,0.00400314970757
2014-11-07,0.000935281639713
2014-11-10,0.00314743625756
2014-11-11,0.000980473674638
2014-11-12,-0.0010774127607
2014-11-13,0.0011276493202
2014-11-14,0.000244885570583
2014-11-17,0.000636457293107
2014-11-18,0.00577387917052
2014-11-19,-0.00160545720503
2014-11-20,0.00175421536863
2014-11-21,0.00535067342951
2014-11-24,0.00280628002127
2014-11-25,-0.000723698903484
2014-11-26,0.00255902055479
2014-11-28,-0.00211906502243
2014-12-01,-0.0069498187173
2014-12-02,0.00646384878101
2014-12-03,0.00386307308033
2014-12-04,-0.00110633706013
2014-12-05,0.00163727383479
2014-12-08,-0.00668268862466
2014-12-09,-0.000677601634626
2014-12-10,-0.0160313711146
2014-12-11,0.00506988621439
2014-12-12,-0.016161431131
2014-12-15,-0.00686945432326
2014-12-16,-0.00801960226017
2014-12-17,0.0196048142531
2014-12-18,0.0247287105439
2014-12-19,0.00425491998237
2014-12-22,0.00460002396781
2014-12-23,0.00134958490779
2014-12-24,9.62912227165e-05
2014-12-26,0.00322470775921
2014-12-29,0.00134330945502
2014-12-30,-0.00536601959185
2014-12-31,-0.00992298734614
2015-01-02,-0.000535179444662
2015-01-05,-0.018059639468
2015-01-06,-0.00941896654146
2015-01-07,0.0124611654084
2015-01-08,0.0177450245625
2015-01-09,-0.00801356475054
2015-01-12,-0.00783357010041
2015-01-13,-0.0028126905334
2015-01-14,-0.00603722007056
2015-01-15,-0.0091605898195
2015-01-16,0.0131142620465
2015-01-20,0.00213258204045
2015-01-21,0.00504802731259
2015-01-22,0.0148710071272
2015-01-23,-0.00548280025564
2015-01-26,0.00234178895108
2015-01-27,-0.0131905171921
2015-01-28,-0.0128243390975
2015-01-29,0.00924356288678
2015-01-30,-0.0125749227322
2015-02-02,0.0123840628568
2015-02-03,0.0144611645857
2015-02-04,-0.00380784700595
2015-02-05,0.0100950586255
2015-02-06,-0.00276533928304
2015-02-09,-0.00447578956528
2015-02-10,0.0106533366381
2015-02-11,0.000580222108749
2015-02-12,0.00961680727442
2015-02-13,0.00411640655071
2015-02-17,0.00157308771948
2015-02-18,9.52096590825e-05
2015-02-19,-0.000713890349296
2015-02-20,0.00600062137097
2015-02-23,-0.000142015970472
2015-02-24,0.00284073270964
2015-02-25,-0.000849783100205
2015-02-26,-0.00118130683465
2015-02-27,-0.00340619493313
2015-03-02,0.00631350138706
2015-03-03,-0.00410401537208
2015-03-04,-0.00421561276553
2015-03-05,0.001094092723
2015-03-06,-0.0140644597555
2015-03-09,0.00414458165281
2015-03-10,-0.0162219470836
2015-03-11,-0.00234166967786
2015-03-12,0.0127139634887
2015-03-13,-0.00613232409938
2015-03-16,0.0133605386086
2015-03-17,-0.00297245483071
2015-03-18,0.0120215408349
2015-03-19,-0.00456146769463
2015-03-20,0.00882679373024
2015-03-23,-0.00194859180299
2015-03-24,-0.00561901575326
2015-03-25,-0.0146538287766
2015-03-26,-0.00238136910203
2015-03-27,0.00228967305423
2015-03-30,0.0121998397122
2015-03-31,-0.00873953342046
2015-04-01,-0.00353628817291
2015-04-02,0.00359749952061
2015-04-06,0.00673319002794
2015-04-07,-0.00264640815948
2015-04-08,0.00337705977535
2015-04-09,0.00442349046677
2015-04-10,0.00545715760308
2015-04-13,-0.00452293653714
2015-04-14,0.00191309525479
2015-04-15,0.0044870296451
2015-04-16,-0.000285120898393
2015-04-17,-0.0115035326374
2015-04-20,0.00913685829251
2015-04-21,-0.00119133003038
2015-04-22,0.00491411902687
2015-04-23,0.0025162518847
2015-04-24,0.00232047019042
2015-04-27,-0.00415775998033
2015-04-28,0.00317881073861
2015-04-29,-0.00411461738184
2015-04-30,-0.0100204229692
2015-05-01,0.0108413815511
2015-05-04,0.00284740808139
2015-05-05,-0.0114518909284
2015-05-06,-0.00411680519608
2015-05-07,0.00398963012174
2015-05-08,0.0131660820403
2015-05-11,-0.00477267997417
2015-05-12,-0.0029913338753
2015-05-13,0.000190535732731
2015-05-14,0.0104275893196
2015-05-15,0.00108381198969
2015-05-18,0.00310677751666
2015-05-19,-0.000328520340684
2015-05-20,-0.000704097707952
2015-05-21,0.00291241599666
2015-05-22,-0.0023887321838
2015-05-26,-0.0107517157545
2015-05-27,0.00949216778462
2015-05-28,-0.00112830709866
2015-05-29,-0.00621296512089
2015-06-01,0.00203660165924
2015-06-02,-0.000992614659454
2015-06-03,0.00264949933533
2015-06-04,-0.00844655194483
2015-06-05,-0.00171322694599
2015-06-08,-0.00614963351691
2015-06-09,-0.000143893874178
2015-06-10,0.0119932835413
2015-06-11,0.00322354899261
2015-06-12,-0.00765491664185
2015-06-15,-0.00428548033421
2015-06-16,0.00545167206011
2015-06-17,0.00161710611004
2015-06-18,0.0103993655397
2015-06-19,-0.0044391824685
2015-06-22,0.00512310481732
2015-06-23,0.000707886090985
2015-06-24,-0.00726274996721
2015-06-25,-0.00304037815143
2015-06-26,-0.000190573301486
2015-06-29,-0.0209703965626
2015-06-30,0.00209331039717
2015-07-01,0.00801551459652
2015-07-02,-0.000915673048587
2015-07-06,-0.00284596066389
2015-07-07,0.00628871556145
2015-07-08,-0.016777262087
2015-07-09,0.00180900386206
2015-07-10,0.0125915155381
2015-07-13,0.0110372511614
2015-07-14,0.00433802799758
2015-07-15,-0.000332219950601
2015-07-16,0.00802432424967
2015-07-17,0.000847820839664
2015-07-20,0.000517697066137
2015-07-21,-0.00395124921737
2015-07-22,-0.00179459432112
2015-07-23,-0.00562994756437
2015-07-24,-0.010372029378
2015-07-27,-0.00581733690245
2015-07-28,0.0122830352493
2015-07-29,0.0068790996416
2015-07-30,0.000237242028269
2015-07-31,-0.00151791829854
2015-08-03,-0.00337295577655
2015-08-04,-0.0019542792853
2015-08-05,0.00329545351118
2015-08-06,-0.00818774802988
2015-08-07,-0.00191989163298
2015-08-10,0.0125992339636
2015-08-11,-0.00902317095429
2015-08-12,0.00119806373204
2015-08-13,-0.00124447294987
2015-08-14,0.00364226583704
2015-08-17,0.00558684895482
2015-08-18,-0.00289662469967
2015-08-19,-0.0079054628396
2015-08-20,-0.0208813658392
2015-08-21,-0.0301024593628
2015-08-24,-0.0421068718145
2015-08-25,-0.0117677864535
2015-08-26,0.0383937783368
2015-08-27,0.0247351476489
2015-08-28,5.01545466014e-05
2015-08-31,-0.00807908483967
2015-09-01,-0.0298476960664
2015-09-02,0.0189810658903
2015-09-03,0.000716440736839
2015-09-04,-0.0151368282252
2015-09-08,0.0251310893438
2015-09-09,-0.0133718247311
2015-09-10,0.00544182534013
2015-09-11,0.00454428642214
2015-09-14,-0.00371053281729
2015-09-15,0.0124994215948
2015-09-16,0.00866666213871
2015-09-17,-0.00224795898002
2015-09-18,-0.0163414432636
2015-09-21,0.00516761293318
2015-09-22,-0.0129797568022
2015-09-23,-0.00159866652818
2015-09-24,-0.00361576692458
2015-09-25,-0.000259136285289
2015-09-28,-0.0250972850821
2015-09-29,0.000585078542194
2015-09-30,0.018658352639
2015-10-01,0.00260919613414
2015-10-02,0.0149377790069
2015-10-05,0.017794873783
2015-10-06,-0.00342625126106
2015-10-07,0.00819056004849
2015-10-08,0.00902664455425
2015-10-09,0.000596364959544
2015-10-12,0.000943738307963
2015-10-13,-0.00630212652039
2015-10-14,-0.00479403797587
2015-10-15,0.0153545731008
2015-10-16,0.00454656923433
2015-10-19,0.000491908233659
2015-10-20,-0.00127843161674
2015-10-21,-0.0062035061642
2015-10-22,0.0168936739903
2015-10-23,0.0109617107659
2015-10-26,-0.00245769018896
2015-10-27,-0.00193233641596
2015-10-28,0.0113745924938
2015-10-29,-0.000574279142792
2015-10-30,-0.00430976528724
2015-11-02,0.0118309332955
2015-11-03,0.00289938154954
2015-11-04,-0.00303317191558
2015-11-05,-0.000998318194702
2015-11-06,-0.000523438575678
2015-11-09,-0.00933151928708
2015-11-10,0.00230678515675
2015-11-11,-0.0039316824623
2015-11-12,-0.0139598020685
2015-11-13,-0.0112282879563
2015-11-16,0.0152068819228
2015-11-17,-0.000729471942811
2015-11-18,0.0158660347296
2015-11-19,-0.000862321725853
2015-11-20,0.00364418057573
2015-11-23,-0.00114657792722
2015-11-24,0.00133925972468
2015-11-25,-0.000143293010017
2015-11-27,0.00114652309379
2015-11-30,-0.00415153426892
2015-12-01,0.00953562998981
2015-12-02,-0.0102050224574
2015-12-03,-0.0140027735613
2015-12-04,0.0195029135593
2015-12-07,-0.00605852568934
2015-12-08,-0.00671950824055
2015-12-09,-0.00777965891405
2015-12-10,0.00258107854702
2015-12-11,-0.0193811180841
2015-12-14,0.00505245446469
2015-12-15,0.010497807427
2015-12-16,0.014632002938
2015-12-17,-0.0152381771671
2015-12-18,-0.017815054422
2015-12-21,0.00824914640881
2015-12-22,0.0090742378496
2015-12-23,0.0123833132088
2015-12-24,-0.00165037828158
2015-12-28,-0.00228503689005
2015-12-29,0.0106719327826
2015-12-30,-0.00708775991216
2015-12-31,-0.0100033882307
2016-01-04,-0.0139794501267
2016-01-05,0.00169135215517
2016-01-06,-0.0126141907977
2016-01-07,-0.0239915707478
2016-01-08,-0.0109765749378
2016-01-11,0.000990008128682
2016-01-12,0.00806831093143
2016-01-13,-0.0249406251696
2016-01-14,0.0164168302452
2016-01-15,-0.0214661307577
2016-01-19,0.00133113074336
2016-01-20,-0.0128150790222
2016-01-21,0.00560198654907
2016-01-22,0.0205153025811
2016-01-25,-0.0151165513096
2016-01-26,0.0136431359182
2016-01-27,-0.0108832430143
2016-01-28,0.0052091432514
2016-01-29,0.024377349381
2016-02-01,-0.000361381006006
2016-02-02,-0.0180221588206
2016-02-03,0.00599495071857
2016-02-04,0.001568232401
2016-02-05,-0.0190501505445
2016-02-08,-0.0134610236693
2016-02-09,5.39053197708e-05
2016-02-10,-0.000862796690373
2016-02-11,-0.0130080621361
2016-02-12,0.0206168847873
2016-02-16,0.0168782845225
2016-02-17,0.0163347373624
2016-02-18,-0.0040958579718
2016-02-19,-0.000468509333202
2016-02-22,0.0144791615715
2016-02-23,-0.0126295904178
2016-02-24,0.00457565363055
2016-02-25,0.0121117806126
2016-02-26,-0.00230130490163
2016-02-29,-0.00784252754831
2016-03-01,0.0235069400291
2016-03-02,0.00449244945987
2016-03-03,0.00391959126129
2016-03-04,0.00325355206917
2016-03-07,0.000798302209349
2016-03-08,-0.0109178062502
2016-03-09,0.00493956891474
2016-03-10,0.000802429434074
2016-03-11,0.0161371262866
2016-03-14,-0.00128227852131
2016-03-15,-0.00162963711166
2016-03-16,0.00578719635612
2016-03-17,0.00634409587671
2016-03-18,0.00392970265475
2016-03-21,0.00141889209419
2016-03-22,-0.000537455860698
2016-03-23,-0.0065994864458
2016-03-24,-0.000442949611334
2016-03-28,0.000590837855649
2016-03-29,0.00925009720562
2016-03-30,0.00438772044092
2016-03-31,-0.00242695221058
2016-04-01,0.00681196298288
2016-04-04,-0.00323796231202
2016-04-05,-0.00998786492534
2016-04-06,0.010921179105
2016-04-07,-0.0119659011544
2016-04-08,0.00269675620317
2016-04-11,-0.00234716951271
2016-04-12,0.0093127845929
2016-04-13,0.0101010183262
2016-04-14,4.80511942846e-05
2016-04-15,-0.00110569596942
2016-04-18,0.00702669292784
2016-04-19,0.0031542212269
2016-04-20,0.000952891247414
2016-04-21,-0.00537841492926
2016-04-22,0.0
2016-04-25,-0.00172273735433
2016-04-26,0.00148601559393
2016-04-27,0.0020582408732
2016-04-28,-0.00907575608838
2016-04-29,-0.00539886785554
2016-05-02,0.00794842890813
2016-05-03,-0.0087031628428
2016-05-04,-0.00557823791192
2016-05-05,-0.000195077420515
2016-05-06,0.00365907223832
2016-05-09,0.000826353460187
2016-05-10,0.0124338134597
2016-05-11,-0.00935474737698
2016-05-12,0.000290544122227
2016-05-13,-0.00871419042912
2016-05-16,0.00986522940776
2016-05-17,-0.00933355516346
2016-05-18,0.000292884351876
2016-05-19,-0.00346496605463
2016-05-20,0.006317379195
2016-05-23,-0.00136259445081
2016-05-24,0.0129622774649
2016-05-25,0.00678310274143
2016-05-26,0.000286684640311
2016-05-27,0.00429927015084
2016-05-31,-0.00190263269222
2016-06-01,0.00204922181003
2016-06-02,0.00304370066243
2016-06-03,-0.00298707644621
2016-06-06,0.005088485049
2016-06-07,0.00156132955639
2016-06-08,0.00325964996448
2016-06-09,-0.00136551394302
2016-06-10,-0.00947752928096
2016-06-13,-0.00771176273252
2016-06-14,-0.00196691362803
2016-06-15,-0.00139393481407
2016-06-16,0.00298433419722
2016-06-17,-0.00372419999413
2016-06-20,0.00644006194617
2016-06-21,0.00283857130608
2016-06-22,-0.00163115061645
2016-06-23,0.0130225461124
2016-06-24,-0.0359090774485
2016-06-27,-0.0179098557016
2016-06-28,0.018036025666
2016-06-29,0.0170275945348
2016-06-30,0.0136455629478
2016-07-01,0.00210044733194
2016-07-05,-0.00719319100848
2016-07-06,0.00599779327892
2016-07-07,-0.000620072197981
2016-07-08,0.0148904451293
2016-07-11,0.00352692260183
2016-07-12,0.0072633693473
2016-07-13,-0.000139561147847
2016-07-14,0.00558346031323
2016-07-15,-0.00134182033
2016-07-18,0.00268731203972
2016-07-19,-0.00101659512487
2016-07-20,0.00416297423852
2016-07-21,-0.00377719804144
2016-07-22,0.00448514082625
2016-07-25,-0.00271594182077
2016-07-26,0.0004616001542
2016-07-27,-0.00106111121678
2016-07-28,0.00115462783363
2016-07-29,0.00161457084815
2016-08-01,-0.000828997854937
2016-08-02,-0.00640730133076
2016-08-03,0.00292271038805
2016-08-04,0.00106397922271
2016-08-05,0.00817886942941
2016-08-08,-0.000595793333653
2016-08-09,0.000596148514964
2016-08-10,-0.00247498961026
2016-08-11,0.00464066156912
2016-08-12,-0.000868907005436
2016-08-15,0.00288377369288
2016-08-16,-0.00515764885335
2016-08-17,0.00188102336684
2016-08-18,0.00224392341921
2016-08-19,-0.00146215400382
2016-08-22,-4.57330535941e-05
2016-08-23,0.00201346594231
2016-08-24,-0.00511483659689
2016-08-25,-0.000688586193324
2016-08-26,-0.00188334426676
2016-08-29,0.00492432753081
2016-08-30,-0.00164865449178
2016-08-31,-0.00284401247503
2016-09-01,4.59770953143e-05
2016-09-02,0.00450800366018
2016-09-06,0.003022411873
2016-09-07,-9.13307181032e-05
2016-09-08,-0.00228300104432
2016-09-09,-0.0239348151131
2016-09-12,0.0143473257702
2016-09-13,-0.0143755223721
2016-09-14,-0.000375188788595
2016-09-15,0.00999298421582
2016-09-16,-0.00386562314999
2016-09-19,0.000187507299533
2016-09-20,4.68326860248e-05
2016-09-21,0.0112454737358
2016-09-22,0.00630148210021
2016-09-23,-0.00547926989909
2016-09-26,-0.00810222312881
2016-09-27,0.00620799653383
2016-09-28,0.00496355079398
2016-09-29,-0.00904729859443
2016-09-30,0.00754616448654
2016-10-03,-0.00240409148787
2016-10-04,-0.00509781049794
2016-10-05,0.00442524536732
2016-10-06,0.000695607726672
2016-10-07,-0.00342944250998
2016-10-10,0.00520837886789
2016-10-11,-0.0126295827361
2016-10-12,0.00131197003924
2016-10-13,-0.00327552166946
2016-10-14,0.000516410295261
2016-10-17,-0.00347217543345
2016-10-18,0.00626236548612
2016-10-19,0.00266713250358
2016-10-20,-0.00186669214356
2016-10-21,0.000467509351116
2016-10-24,0.00425275370917
2016-10-25,-0.00335055556585
2016-10-26,-0.00200772084424
2016-10-27,-0.00266682405312
2016-10-28,-0.00295540906894
2016-10-31,4.70953815745e-05
2016-11-01,-0.00724539515961
2016-11-02,-0.00601861807472
2016-11-03,-0.00457712971846
2016-11-04,-0.00110161736526
2016-11-07,0.0220570166808
2016-11-08,0.00450390448786
2016-11-09,0.0106020466137
2016-11-10,0.00249557771305
2016-11-11,-0.00230499621644
2016-11-14,0.000785500943394
2016-11-15,0.0078027687385
2016-11-16,-0.00187833718259
2016-11-17,0.00514072974365
2016-11-18,-0.00223757342799
2016-11-21,0.00755146102388
2016-11-22,0.00195324853609
2016-11-23,0.00054399817343
2016-11-25,0.00371548660301
2016-11-28,-0.00469487616487
2016-11-29,0.00195032958932
2016-11-30,-0.00239916505009
2016-12-01,-0.00367545696428
2016-12-02,0.000500912975871
2016-12-05,0.00600877503424
2016-12-06,0.00316740573256
2016-12-07,0.0130807794127
2016-12-08,0.00244874295712
2016-12-09,0.00604042211097
2016-12-12,-0.00114782772412
2016-12-13,0.00667401059012
2016-12-14,-0.00825425862183
2016-12-15,0.00411719638477
2016-12-16,-0.00195581452826
2016-12-19,0.00217741741576
2016-12-20,0.00385755776995
2016-12-21,-0.0027826414165
2016-12-22,-0.00172741725247
2016-12-23,0.00146420264744
2016-12-27,0.00248104639862
2016-12-28,-0.00826450685881
2016-12-29,-0.000222762929307
2016-12-30,-0.00365503444649
2017-01-03,0.00765000674473
2017-01-04,0.00594919628065
2017-01-05,-0.000794456697021
2017-01-06,0.00357779603121
2017-01-09,-0.00330091094975
2017-01-10,0.0
2017-01-11,0.00282610165247
2017-01-12,-0.00250993828684
2017-01-13,0.00229551936739
